"transactionDate","month","cardAccount","description","category","amount","source"
"2026-06-29","2026-06","amazon-card","AMAZON MKTPL*BY2ZZ8UL3","Shopping","9.66","Chase6305_Activity20240706_20260706_20260706.CSV"
"2026-06-29","2026-06","amazon-card","Amazon.com*9868H0R33","Shopping","32.2","Chase6305_Activity20240706_20260706_20260706.CSV"
"2026-06-29","2026-06","amazon-card","AMAZON MKTPL*LM3Z83I13","Shopping","53.7","Chase6305_Activity20240706_20260706_20260706.CSV"
"2026-06-29","2026-06","amazon-card","AMAZON MKTPL*IG7DL1K33","Shopping","38.69","Chase6305_Activity20240706_20260706_20260706.CSV"
"2026-06-19","2026-06","amazon-card","Amazon.com*886Z96HU3","Shopping","4.71","Chase6305_Activity20240706_20260706_20260706.CSV"
"2026-06-14","2026-06","amazon-card","AMAZON MKTPL*XO1TN76J3","Shopping","6.99","Chase6305_Activity20240706_20260706_20260706.CSV"
"2026-06-14","2026-06","amazon-card","Amazon.com*B90IQ9FT3","Shopping","45.14","Chase6305_Activity20240706_20260706_20260706.CSV"
"2026-06-10","2026-06","amazon-card","AMAZON MKTPL*IF50Z94D3","Shopping","16.06","Chase6305_Activity20240706_20260706_20260706.CSV"
"2026-06-10","2026-06","amazon-card","Amazon.com*U056A6AV3","Shopping","80.6","Chase6305_Activity20240706_20260706_20260706.CSV"
"2026-06-08","2026-06","amazon-card","AMAZON MKTPL*X91B56WR3","Shopping","7.51","Chase6305_Activity20240706_20260706_20260706.CSV"
"2026-06-08","2026-06","amazon-card","AMAZON MKTPL*JD2UT73R3","Shopping","6.44","Chase6305_Activity20240706_20260706_20260706.CSV"
"2026-05-29","2026-05","amazon-card","AMAZON MKTPL*FT5NA51A3","Shopping","14.39","Chase6305_Activity20240706_20260706_20260706.CSV"
"2026-05-29","2026-05","amazon-card","AMAZON MKTPL*ZE9PN75H3","Shopping","45.4","Chase6305_Activity20240706_20260706_20260706.CSV"
"2026-05-25","2026-05","amazon-card","AMAZON MKTPL*T25Z69613","Shopping","22.53","Chase6305_Activity20240706_20260706_20260706.CSV"
"2026-05-24","2026-05","amazon-card","AMAZON MKTPL*5S1YW68J3","Shopping","9.65","Chase6305_Activity20240706_20260706_20260706.CSV"
"2026-05-19","2026-05","amazon-card","AMAZON MKTPL*BF91Y0820","Shopping","206.28","Chase6305_Activity20240706_20260706_20260706.CSV"
"2026-05-04","2026-05","amazon-card","AMAZON MKTPL*BJ05D5951","Shopping","10.52","Chase6305_Activity20240706_20260706_20260706.CSV"
"2026-05-03","2026-05","amazon-card","AMZ*PS Audio  Inc.","Shopping","385.18","Chase6305_Activity20240706_20260706_20260706.CSV"
"2026-04-16","2026-04","amazon-card","AMAZON MKTPL*B728Z1EN0","Shopping","13.96","Chase6305_Activity20240706_20260706_20260706.CSV"
"2026-04-14","2026-04","amazon-card","Amazon.com*B708M6F30","Shopping","80.6","Chase6305_Activity20240706_20260706_20260706.CSV"
"2026-03-16","2026-03","amazon-card","AMAZON MKTPL*BP7VN0830","Shopping","10.74","Chase6305_Activity20240706_20260706_20260706.CSV"
"2026-03-13","2026-03","amazon-card","Amazon.com*BD4SR1QY2","Shopping","36.6","Chase6305_Activity20240706_20260706_20260706.CSV"
"2026-03-10","2026-03","amazon-card","AMAZON MKTPL*BP6519TE1","Shopping","24.72","Chase6305_Activity20240706_20260706_20260706.CSV"
"2026-02-15","2026-02","amazon-card","Amazon.com*4C5AS7693","Shopping","80.6","Chase6305_Activity20240706_20260706_20260706.CSV"
"2026-02-09","2026-02","amazon-card","AMAZON MKTPL*AJ1NU70E3","Shopping","37.61","Chase6305_Activity20240706_20260706_20260706.CSV"
"2026-01-02","2026-01","amazon-card","AMAZON MKTPL*NY8FG2013","Shopping","172","Chase6305_Activity20240706_20260706_20260706.CSV"
"2025-12-28","2025-12","amazon-card","AMAZON MKTPL*SX4877P13","Shopping","10.74","Chase6305_Activity20240706_20260706_20260706.CSV"
"2025-12-28","2025-12","amazon-card","Amazon.com*EZ37L9VN3","Shopping","80.6","Chase6305_Activity20240706_20260706_20260706.CSV"
"2025-12-28","2025-12","amazon-card","Amazon.com*ZV7W77CU3","Shopping","3.72","Chase6305_Activity20240706_20260706_20260706.CSV"
"2025-12-16","2025-12","amazon-card","AMAZON MKTPL*IP72936K3","Shopping","16.02","Chase6305_Activity20240706_20260706_20260706.CSV"
"2025-12-15","2025-12","amazon-card","Amazon.com*F72L159V3","Shopping","161.99","Chase6305_Activity20240706_20260706_20260706.CSV"
"2025-12-07","2025-12","amazon-card","Amazon.com*BI69F35J1","Shopping","7.11","Chase6305_Activity20240706_20260706_20260706.CSV"
"2025-12-01","2025-12","amazon-card","AMAZON MKTPL*BB62222L2","Shopping","15.7","Chase6305_Activity20240706_20260706_20260706.CSV"
"2025-11-20","2025-11","amazon-card","AMAZON MKTPL*B06V89JH0","Shopping","21.28","Chase6305_Activity20240706_20260706_20260706.CSV"
"2025-11-14","2025-11","amazon-card","Amazon.com*B828Q8VR0","Shopping","10.2","Chase6305_Activity20240706_20260706_20260706.CSV"
"2025-11-07","2025-11","amazon-card","Amazon.com*BT36N8EH1","Shopping","29.55","Chase6305_Activity20240706_20260706_20260706.CSV"
"2025-11-06","2025-11","amazon-card","AMAZON MKTPL*NK0JE2D72","Shopping","6.44","Chase6305_Activity20240706_20260706_20260706.CSV"
"2025-11-04","2025-11","amazon-card","Amazon.com*NK4L92EH2","Shopping","80.6","Chase6305_Activity20240706_20260706_20260706.CSV"
"2025-10-26","2025-10","amazon-card","AMAZON MKTPL*NU7D87SO2","Shopping","9.68","Chase6305_Activity20240706_20260706_20260706.CSV"
"2025-10-24","2025-10","amazon-card","AMAZON MKTPL*NU4O06PX1","Shopping","28.95","Chase6305_Activity20240706_20260706_20260706.CSV"
"2025-10-21","2025-10","amazon-card","AMAZON MKTPL*NU7KI9VI0","Shopping","89.95","Chase6305_Activity20240706_20260706_20260706.CSV"
"2025-10-08","2025-10","amazon-card","AMAZON MKTPL*NV01878I2","Shopping","56.19","Chase6305_Activity20240706_20260706_20260706.CSV"
"2025-10-05","2025-10","amazon-card","AMAZON MKTPL*NJ7WP8IM2","Shopping","19.34","Chase6305_Activity20240706_20260706_20260706.CSV"
"2025-09-29","2025-09","amazon-card","AMAZON MKTPL*4F1AN2NM3","Shopping","30.98","Chase6305_Activity20240706_20260706_20260706.CSV"
"2025-09-29","2025-09","amazon-card","AMAZON MKTPL*NJ59I0I80","Shopping","27.4","Chase6305_Activity20240706_20260706_20260706.CSV"
"2025-09-28","2025-09","amazon-card","Amazon.com*NJ6GF79F0","Shopping","31","Chase6305_Activity20240706_20260706_20260706.CSV"
"2025-09-14","2025-09","amazon-card","AMAZON MKTPL*7J28M5VE3","Shopping","10.73","Chase6305_Activity20240706_20260706_20260706.CSV"
"2025-09-03","2025-09","amazon-card","AMAZON MKTPL*Y44FJ1LT3","Shopping","8.59","Chase6305_Activity20240706_20260706_20260706.CSV"
"2025-09-02","2025-09","amazon-card","AMAZON MKTPL*LS1S34UD3","Shopping","4.99","Chase6305_Activity20240706_20260706_20260706.CSV"
"2025-09-01","2025-09","amazon-card","Amazon.com*V27FH9AO3","Shopping","5.3","Chase6305_Activity20240706_20260706_20260706.CSV"
"2025-08-15","2025-08","amazon-card","AMAZON MKTPL*7N3YW35B3","Shopping","13.99","Chase6305_Activity20240706_20260706_20260706.CSV"
"2025-08-11","2025-08","amazon-card","AMAZON MKTPL*9H1185DM3","Shopping","7.9","Chase6305_Activity20240706_20260706_20260706.CSV"
"2025-08-10","2025-08","amazon-card","Amazon.com*KK6CL7J53","Shopping","63.86","Chase6305_Activity20240706_20260706_20260706.CSV"
"2025-07-23","2025-07","amazon-card","Prime Video *2C85P1WZ3","Shopping","4.36","Chase6305_Activity20240706_20260706_20260706.CSV"
"2025-07-16","2025-07","amazon-card","AMAZON PRIME*0A9EG7KX3","Bills & Utilities","140.47","Chase6305_Activity20240706_20260706_20260706.CSV"
"2025-07-08","2025-07","amazon-card","AMAZON MKTPL*NL3J13CW0","Shopping","38.69","Chase6305_Activity20240706_20260706_20260706.CSV"
"2025-07-04","2025-07","amazon-card","AMAZON MKTPL*N35804YI2","Shopping","33.28","Chase6305_Activity20240706_20260706_20260706.CSV"
"2025-07-04","2025-07","amazon-card","AMAZON MKTPL*N30IH2GL1","Shopping","31.95","Chase6305_Activity20240706_20260706_20260706.CSV"
"2025-06-17","2025-06","amazon-card","Amazon.com*NA50L0QJ1","Shopping","9.57","Chase6305_Activity20240706_20260706_20260706.CSV"
"2025-06-16","2025-06","amazon-card","Amazon.com*NO7UO4CB2","Shopping","78.45","Chase6305_Activity20240706_20260706_20260706.CSV"
"2025-06-03","2025-06","amazon-card","AMAZON MKTPL*N615R9ZK1","Shopping","6.44","Chase6305_Activity20240706_20260706_20260706.CSV"
"2025-05-30","2025-05","amazon-card","Amazon.com*NN3HE1851","Shopping","8.97","Chase6305_Activity20240706_20260706_20260706.CSV"
"2025-05-21","2025-05","amazon-card","Amazon.com*NW1BE1WJ1","Shopping","12.14","Chase6305_Activity20240706_20260706_20260706.CSV"
"2025-05-21","2025-05","amazon-card","AMAZON MKTPL*NW5539WK1","Shopping","6.34","Chase6305_Activity20240706_20260706_20260706.CSV"
"2025-05-20","2025-05","amazon-card","Amazon.com*NW8WN2DZ0","Shopping","28.9","Chase6305_Activity20240706_20260706_20260706.CSV"
"2025-05-05","2025-05","amazon-card","Amazon.com*NB9223PQ0","Shopping","5.22","Chase6305_Activity20240706_20260706_20260706.CSV"
"2025-05-01","2025-05","amazon-card","Amazon.com*7V1827P23","Shopping","12.76","Chase6305_Activity20240706_20260706_20260706.CSV"
"2025-04-30","2025-04","amazon-card","Amazon.com*NB1UR2X62","Shopping","78.45","Chase6305_Activity20240706_20260706_20260706.CSV"
"2025-04-24","2025-04","amazon-card","Amazon.com*KV9LD0N03","Shopping","30.9","Chase6305_Activity20240706_20260706_20260706.CSV"
"2025-04-24","2025-04","amazon-card","AMAZON MKTPL*PS5Z289W3","Shopping","11.79","Chase6305_Activity20240706_20260706_20260706.CSV"
"2025-04-22","2025-04","amazon-card","AMAZON MKTPL*409ZL7WL3","Shopping","8.71","Chase6305_Activity20240706_20260706_20260706.CSV"
"2025-04-10","2025-04","amazon-card","AMAZON MKTPL*0F9UZ8FF3","Shopping","30.05","Chase6305_Activity20240706_20260706_20260706.CSV"
"2025-03-10","2025-03","amazon-card","AMAZON MKTPL*TH08X9853","Shopping","116.13","Chase6305_Activity20240706_20260706_20260706.CSV"
"2025-02-21","2025-02","amazon-card","AMAZON MKTPL*HM1KA3QD3","Shopping","25.79","Chase6305_Activity20240706_20260706_20260706.CSV"
"2025-02-21","2025-02","amazon-card","AMAZON MKTPL*J55OB38L3","Shopping","19.34","Chase6305_Activity20240706_20260706_20260706.CSV"
"2025-02-13","2025-02","amazon-card","AMAZON MKTPL*HR1BX8EE3","Shopping","21.49","Chase6305_Activity20240706_20260706_20260706.CSV"
"2025-02-10","2025-02","amazon-card","Amazon.com*II5H74L53","Shopping","9.55","Chase6305_Activity20240706_20260706_20260706.CSV"
"2025-01-30","2025-01","amazon-card","Amazon.com*ZC7NB3Q20","Shopping","9.99","Chase6305_Activity20240706_20260706_20260706.CSV"
"2025-01-29","2025-01","amazon-card","AMAZON MKTPL*Z75ZZ50V2","Shopping","8.3","Chase6305_Activity20240706_20260706_20260706.CSV"
"2025-01-28","2025-01","amazon-card","AMAZON MKTPL*Z72Z07Z82","Shopping","8.47","Chase6305_Activity20240706_20260706_20260706.CSV"
"2025-01-26","2025-01","amazon-card","Amazon.com*ZG7O52RW0","Shopping","28.95","Chase6305_Activity20240706_20260706_20260706.CSV"
"2025-01-23","2025-01","amazon-card","AMZN Mktp US*ZC3TK9VK2","Shopping","14.99","Chase6305_Activity20240706_20260706_20260706.CSV"
"2025-01-19","2025-01","amazon-card","Amazon.com*Z59T68J41","Shopping","7.15","Chase6305_Activity20240706_20260706_20260706.CSV"
"2025-01-19","2025-01","amazon-card","Amazon.com*ZG5RF96L2","Shopping","78.45","Chase6305_Activity20240706_20260706_20260706.CSV"
"2025-01-13","2025-01","amazon-card","Amazon.com*ZD7FE5P71","Shopping","9.66","Chase6305_Activity20240706_20260706_20260706.CSV"
"2025-01-12","2025-01","amazon-card","AMAZON MKTPL*ZD54V6AU1","Shopping","9.34","Chase6305_Activity20240706_20260706_20260706.CSV"
"2025-01-07","2025-01","amazon-card","Amazon.com*ZD08L7UJ2","Shopping","16.1","Chase6305_Activity20240706_20260706_20260706.CSV"
"2024-12-23","2024-12","amazon-card","Amazon.com*Z933O8S80","Shopping","40.46","Chase6305_Activity20240706_20260706_20260706.CSV"
"2024-12-20","2024-12","amazon-card","AMAZON MKTPL*Z155R22X1","Shopping","10.74","Chase6305_Activity20240706_20260706_20260706.CSV"
"2024-12-20","2024-12","amazon-card","Amazon.com*Z18NY17W1","Shopping","1345.74","Chase6305_Activity20240706_20260706_20260706.CSV"
"2024-12-15","2024-12","amazon-card","AMAZON MKTPL*Z162O7MK2","Shopping","20.43","Chase6305_Activity20240706_20260706_20260706.CSV"
"2024-12-15","2024-12","amazon-card","AMAZON MKTPL*ZX45S9H01","Shopping","19.48","Chase6305_Activity20240706_20260706_20260706.CSV"
"2024-12-13","2024-12","amazon-card","Amazon.com*ZR0EQ5I21","Shopping","39.76","Chase6305_Activity20240706_20260706_20260706.CSV"
"2024-12-09","2024-12","amazon-card","AMAZON MKTPL*ZR5TI1VH0","Shopping","24.71","Chase6305_Activity20240706_20260706_20260706.CSV"
"2024-11-06","2024-11","amazon-card","Amazon.com*BL3U69BR3","Shopping","78.45","Chase6305_Activity20240706_20260706_20260706.CSV"
"2024-10-31","2024-10","amazon-card","AMAZON MKTPL*J63CJ9G43","Shopping","23.98","Chase6305_Activity20240706_20260706_20260706.CSV"
"2024-10-27","2024-10","amazon-card","AMAZON MKTPL*JB1ZS2613","Shopping","50.48","Chase6305_Activity20240706_20260706_20260706.CSV"
"2024-10-25","2024-10","amazon-card","AMAZON MKTPL*O87PI17C3","Shopping","10.74","Chase6305_Activity20240706_20260706_20260706.CSV"
"2024-10-25","2024-10","amazon-card","AMAZON MKTPL*XW0I576K3","Shopping","10.74","Chase6305_Activity20240706_20260706_20260706.CSV"
"2024-10-25","2024-10","amazon-card","AMAZON MKTPL*HE3RJ3XX3","Shopping","14.47","Chase6305_Activity20240706_20260706_20260706.CSV"
"2024-10-25","2024-10","amazon-card","Amazon.com*2Q4VI4ME3","Shopping","7.5","Chase6305_Activity20240706_20260706_20260706.CSV"
"2024-10-22","2024-10","amazon-card","AMAZON MKTPL*PL5PY4Y93","Shopping","15.04","Chase6305_Activity20240706_20260706_20260706.CSV"
"2024-10-20","2024-10","amazon-card","AMAZON MKTPL*599MW5T93","Shopping","47.29","Chase6305_Activity20240706_20260706_20260706.CSV"
"2024-10-20","2024-10","amazon-card","Amazon.com*8C9Q78JZ3","Shopping","17.94","Chase6305_Activity20240706_20260706_20260706.CSV"
"2024-10-17","2024-10","amazon-card","AMAZON MKTPL*OG9QM2D83","Shopping","41.74","Chase6305_Activity20240706_20260706_20260706.CSV"
"2024-10-17","2024-10","amazon-card","SP PRIORITY BICYCLE","Shopping","64.49","Chase6305_Activity20240706_20260706_20260706.CSV"
"2024-10-15","2024-10","amazon-card","AMAZON MKTPL*QF2A94ZB3","Shopping","29","Chase6305_Activity20240706_20260706_20260706.CSV"
"2024-10-01","2024-10","amazon-card","Amazon.com*QP1NK8OE3","Shopping","91.14","Chase6305_Activity20240706_20260706_20260706.CSV"
"2024-09-24","2024-09","amazon-card","Amazon.com*9I9LJ5YZ3","Shopping","8.27","Chase6305_Activity20240706_20260706_20260706.CSV"
"2024-09-17","2024-09","amazon-card","AMAZON MKTPL*A68O98213","Shopping","15.19","Chase6305_Activity20240706_20260706_20260706.CSV"
"2024-09-17","2024-09","amazon-card","ZAP*ZAPPOS.COM","Shopping","37.6","Chase6305_Activity20240706_20260706_20260706.CSV"
"2024-09-15","2024-09","amazon-card","Amazon.com*D46T74LJ3","Shopping","78.45","Chase6305_Activity20240706_20260706_20260706.CSV"
"2024-09-15","2024-09","amazon-card","AMAZON MKTPL*J21838CO3","Shopping","37.61","Chase6305_Activity20240706_20260706_20260706.CSV"
"2024-09-08","2024-09","amazon-card","Amazon.com*ZT7CK6YO2","Shopping","8.09","Chase6305_Activity20240706_20260706_20260706.CSV"
"2024-09-06","2024-09","amazon-card","Amazon.com*ZT70A9SX2","Shopping","70.86","Chase6305_Activity20240706_20260706_20260706.CSV"
"2024-09-06","2024-09","amazon-card","AMZN Mktp US*ZT8245P61","Shopping","113.84","Chase6305_Activity20240706_20260706_20260706.CSV"
"2024-09-06","2024-09","amazon-card","AMAZON MKTPL*ZT9FZ8VL0","Shopping","13.75","Chase6305_Activity20240706_20260706_20260706.CSV"
"2024-09-05","2024-09","amazon-card","AMZ*Woot LLC","Shopping","6","Chase6305_Activity20240706_20260706_20260706.CSV"
"2024-09-02","2024-09","amazon-card","AMAZON MKTPL*RK3B76KL1","Shopping","9.69","Chase6305_Activity20240706_20260706_20260706.CSV"
"2024-08-19","2024-08","amazon-card","AMAZON MKTPL*RU1S155L0","Shopping","9.66","Chase6305_Activity20240706_20260706_20260706.CSV"
"2024-08-16","2024-08","amazon-card","AMAZON MKTPL*RU0I10N61","Shopping","37.61","Chase6305_Activity20240706_20260706_20260706.CSV"
"2024-07-31","2024-07","amazon-card","AMAZON MKTPL*RV9I51YV2","Shopping","10.74","Chase6305_Activity20240706_20260706_20260706.CSV"
"2024-07-24","2024-07","amazon-card","Amazon.com*RJ4OR2BQ2","Shopping","78.45","Chase6305_Activity20240706_20260706_20260706.CSV"
"2024-07-24","2024-07","amazon-card","AMAZON MKTPL*RJ0ZU46I2","Shopping","45.06","Chase6305_Activity20240706_20260706_20260706.CSV"
"2024-07-16","2024-07","amazon-card","Amazon Prime*RS1E13A20","Bills & Utilities","140.26","Chase6305_Activity20240706_20260706_20260706.CSV"
"2024-07-14","2024-07","amazon-card","AMAZON MKTPL*RY6YP6QM2","Shopping","300.99","Chase6305_Activity20240706_20260706_20260706.CSV"
"2024-07-10","2024-07","amazon-card","AMAZON MKTPL*RY7IJ6GN0","Shopping","514.74","Chase6305_Activity20240706_20260706_20260706.CSV"
"2026-07-05","2026-07","day-to-day-card","PUBLIX #1376","Groceries","34.96","Chase2674_Activity20240706_20260706_20260706.CSV"
"2026-06-30","2026-06","day-to-day-card","PUBLIX #1376","Groceries","40.75","Chase2674_Activity20240706_20260706_20260706.CSV"
"2026-06-30","2026-06","day-to-day-card","CVS/PHARMACY #01815","Health & Wellness","2.83","Chase2674_Activity20240706_20260706_20260706.CSV"
"2026-06-28","2026-06","day-to-day-card","NORTHWEST SEAFOOD MILHOPP","Groceries","22.65","Chase2674_Activity20240706_20260706_20260706.CSV"
"2026-06-28","2026-06","day-to-day-card","MILLHOPPER ACE HDWE","Home","1.08","Chase2674_Activity20240706_20260706_20260706.CSV"
"2026-06-26","2026-06","day-to-day-card","PUBLIX #1376","Groceries","46.02","Chase2674_Activity20240706_20260706_20260706.CSV"
"2026-06-26","2026-06","day-to-day-card","THE FRESH MARKET 082","Groceries","5.38","Chase2674_Activity20240706_20260706_20260706.CSV"
"2026-06-26","2026-06","day-to-day-card","APPLE.COM/BILL","Shopping","0.99","Chase2674_Activity20240706_20260706_20260706.CSV"
"2026-06-21","2026-06","day-to-day-card","PUBLIX #1376","Groceries","100.08","Chase2674_Activity20240706_20260706_20260706.CSV"
"2026-06-21","2026-06","day-to-day-card","THE FRESH MARKET 082","Groceries","51.07","Chase2674_Activity20240706_20260706_20260706.CSV"
"2026-06-21","2026-06","day-to-day-card","BOOST MOBILE","Bills & Utilities","25.55","Chase2674_Activity20240706_20260706_20260706.CSV"
"2026-06-21","2026-06","day-to-day-card","PUBLIX #1376","Groceries","22.75","Chase2674_Activity20240706_20260706_20260706.CSV"
"2026-06-21","2026-06","day-to-day-card","NORTHWEST SEAFOOD MILHOPP","Groceries","15.08","Chase2674_Activity20240706_20260706_20260706.CSV"
"2026-06-21","2026-06","day-to-day-card","Netflix.com","Bills & Utilities","31.08","Chase2674_Activity20240706_20260706_20260706.CSV"
"2026-06-21","2026-06","day-to-day-card","PUBLIX #1376","Groceries","15.58","Chase2674_Activity20240706_20260706_20260706.CSV"
"2026-06-21","2026-06","day-to-day-card","SQ *UPPERCRUST","Food & Drink","5.45","Chase2674_Activity20240706_20260706_20260706.CSV"
"2026-06-18","2026-06","day-to-day-card","THE FRESH MARKET 082","Groceries","13.19","Chase2674_Activity20240706_20260706_20260706.CSV"
"2026-06-18","2026-06","day-to-day-card","SQ *UPPERCRUST","Food & Drink","8","Chase2674_Activity20240706_20260706_20260706.CSV"
"2026-06-18","2026-06","day-to-day-card","PUBLIX #1376","Groceries","0.78","Chase2674_Activity20240706_20260706_20260706.CSV"
"2026-06-18","2026-06","day-to-day-card","PUBLIX #1376","Groceries","17.99","Chase2674_Activity20240706_20260706_20260706.CSV"
"2026-06-17","2026-06","day-to-day-card","JERSEY MIKES 13098","Food & Drink","13.22","Chase2674_Activity20240706_20260706_20260706.CSV"
"2026-06-17","2026-06","day-to-day-card","CIRCLE K # 06782","Gas","55.98","Chase2674_Activity20240706_20260706_20260706.CSV"
"2026-06-17","2026-06","day-to-day-card","TOTAL WINE AND MORE","Food & Drink","191.3","Chase2674_Activity20240706_20260706_20260706.CSV"
"2026-06-16","2026-06","day-to-day-card","PUBLIX #537","Groceries","5.97","Chase2674_Activity20240706_20260706_20260706.CSV"
"2026-06-14","2026-06","day-to-day-card","THE FRESH MARKET 082","Groceries","17.73","Chase2674_Activity20240706_20260706_20260706.CSV"
"2026-06-14","2026-06","day-to-day-card","PUBLIX #1376","Groceries","36.83","Chase2674_Activity20240706_20260706_20260706.CSV"
"2026-06-12","2026-06","day-to-day-card","NORTHWEST SEAFOOD MILHOPP","Groceries","8.49","Chase2674_Activity20240706_20260706_20260706.CSV"
"2026-06-11","2026-06","day-to-day-card","SQ *UPPERCRUST","Food & Drink","5.45","Chase2674_Activity20240706_20260706_20260706.CSV"
"2026-06-11","2026-06","day-to-day-card","PUBLIX #1376","Groceries","49.5","Chase2674_Activity20240706_20260706_20260706.CSV"
"2026-06-07","2026-06","day-to-day-card","PUBLIX #1376","Groceries","24.56","Chase2674_Activity20240706_20260706_20260706.CSV"
"2026-06-07","2026-06","day-to-day-card","GARDEN GATE NURSERY","Home","17.19","Chase2674_Activity20240706_20260706_20260706.CSV"
"2026-06-05","2026-06","day-to-day-card","PUBLIX #1376","Groceries","9.57","Chase2674_Activity20240706_20260706_20260706.CSV"
"2026-06-05","2026-06","day-to-day-card","THE FRESH MARKET 082","Groceries","24.37","Chase2674_Activity20240706_20260706_20260706.CSV"
"2026-06-03","2026-06","day-to-day-card","PUBLIX #1376","Groceries","52.64","Chase2674_Activity20240706_20260706_20260706.CSV"
"2026-05-31","2026-05","day-to-day-card","PUBLIX #1376","Groceries","44.81","Chase2674_Activity20240706_20260706_20260706.CSV"
"2026-05-31","2026-05","day-to-day-card","THE FRESH MARKET 082","Groceries","7.13","Chase2674_Activity20240706_20260706_20260706.CSV"
"2026-05-27","2026-05","day-to-day-card","THE FRESH MARKET 082","Groceries","5.99","Chase2674_Activity20240706_20260706_20260706.CSV"
"2026-05-27","2026-05","day-to-day-card","PUBLIX #1376","Groceries","15.35","Chase2674_Activity20240706_20260706_20260706.CSV"
"2026-05-26","2026-05","day-to-day-card","APPLE.COM/BILL","Shopping","0.99","Chase2674_Activity20240706_20260706_20260706.CSV"
"2026-05-25","2026-05","day-to-day-card","PUBLIX #1376","Groceries","21.72","Chase2674_Activity20240706_20260706_20260706.CSV"
"2026-05-24","2026-05","day-to-day-card","THE FRESH MARKET 082","Groceries","12.19","Chase2674_Activity20240706_20260706_20260706.CSV"
"2026-05-24","2026-05","day-to-day-card","PUBLIX #1376","Groceries","22.14","Chase2674_Activity20240706_20260706_20260706.CSV"
"2026-05-20","2026-05","day-to-day-card","PUBLIX #1376","Groceries","48.12","Chase2674_Activity20240706_20260706_20260706.CSV"
"2026-05-20","2026-05","day-to-day-card","BOOST MOBILE","Bills & Utilities","25.55","Chase2674_Activity20240706_20260706_20260706.CSV"
"2026-05-20","2026-05","day-to-day-card","MILLHOPPER LIQUORS","Food & Drink","37.61","Chase2674_Activity20240706_20260706_20260706.CSV"
"2026-05-20","2026-05","day-to-day-card","GARDEN GATE NURSERY","Home","29","Chase2674_Activity20240706_20260706_20260706.CSV"
"2026-05-20","2026-05","day-to-day-card","Netflix","Bills & Utilities","31.08","Chase2674_Activity20240706_20260706_20260706.CSV"
"2026-05-19","2026-05","day-to-day-card","frigidaire.com","Home","68.52","Chase2674_Activity20240706_20260706_20260706.CSV"
"2026-05-19","2026-05","day-to-day-card","TST* DI BIG JERK 619 INC","Food & Drink","56.6","Chase2674_Activity20240706_20260706_20260706.CSV"
"2026-05-17","2026-05","day-to-day-card","GEICO  *AUTO","Bills & Utilities","365.9","Chase2674_Activity20240706_20260706_20260706.CSV"
"2026-05-15","2026-05","day-to-day-card","SQ *UPPERCRUST","Food & Drink","8","Chase2674_Activity20240706_20260706_20260706.CSV"
"2026-05-15","2026-05","day-to-day-card","PUBLIX #1376","Groceries","35.02","Chase2674_Activity20240706_20260706_20260706.CSV"
"2026-05-11","2026-05","day-to-day-card","PUBLIX #1376","Groceries","40.32","Chase2674_Activity20240706_20260706_20260706.CSV"
"2026-05-11","2026-05","day-to-day-card","THE FRESH MARKET 082","Groceries","6.14","Chase2674_Activity20240706_20260706_20260706.CSV"
"2026-05-11","2026-05","day-to-day-card","PUBLIX #435","Groceries","135.93","Chase2674_Activity20240706_20260706_20260706.CSV"
"2026-05-06","2026-05","day-to-day-card","APPLE.COM/BILL","Shopping","6.52","Chase2674_Activity20240706_20260706_20260706.CSV"
"2026-05-04","2026-05","day-to-day-card","GARDEN GATE NURSERY","Home","42.96","Chase2674_Activity20240706_20260706_20260706.CSV"
"2026-05-04","2026-05","day-to-day-card","PUBLIX #1376","Groceries","60.89","Chase2674_Activity20240706_20260706_20260706.CSV"
"2026-05-03","2026-05","day-to-day-card","MILLHOPPER LIQUORS","Food & Drink","181.64","Chase2674_Activity20240706_20260706_20260706.CSV"
"2026-05-03","2026-05","day-to-day-card","PUBLIX #1376","Groceries","31.69","Chase2674_Activity20240706_20260706_20260706.CSV"
"2026-04-27","2026-04","day-to-day-card","ADAMS RIB CO..","Food & Drink","18.28","Chase2674_Activity20240706_20260706_20260706.CSV"
"2026-04-27","2026-04","day-to-day-card","PUBLIX #1376","Groceries","29.73","Chase2674_Activity20240706_20260706_20260706.CSV"
"2026-04-26","2026-04","day-to-day-card","APPLE.COM/BILL","Shopping","0.99","Chase2674_Activity20240706_20260706_20260706.CSV"
"2026-04-26","2026-04","day-to-day-card","LOWES #02365*","Home","57.41","Chase2674_Activity20240706_20260706_20260706.CSV"
"2026-04-26","2026-04","day-to-day-card","CHUN CHING MARKET","Groceries","12.87","Chase2674_Activity20240706_20260706_20260706.CSV"
"2026-04-23","2026-04","day-to-day-card","PUBLIX #1376","Groceries","51.41","Chase2674_Activity20240706_20260706_20260706.CSV"
"2026-04-20","2026-04","day-to-day-card","PUBLIX #1376","Groceries","4.99","Chase2674_Activity20240706_20260706_20260706.CSV"
"2026-04-20","2026-04","day-to-day-card","BOOST MOBILE","Bills & Utilities","25.55","Chase2674_Activity20240706_20260706_20260706.CSV"
"2026-04-20","2026-04","day-to-day-card","Netflix","Bills & Utilities","28.77","Chase2674_Activity20240706_20260706_20260706.CSV"
"2026-04-20","2026-04","day-to-day-card","PUBLIX #1376","Groceries","8.85","Chase2674_Activity20240706_20260706_20260706.CSV"
"2026-04-20","2026-04","day-to-day-card","SQ *SERPENTINE","Shopping","34.83","Chase2674_Activity20240706_20260706_20260706.CSV"
"2026-04-20","2026-04","day-to-day-card","SQ *DEAN'S OYSTER BAR","Food & Drink","82.06","Chase2674_Activity20240706_20260706_20260706.CSV"
"2026-04-19","2026-04","day-to-day-card","JIMMY JOHNS 2644","Food & Drink","11.6","Chase2674_Activity20240706_20260706_20260706.CSV"
"2026-04-19","2026-04","day-to-day-card","PUBLIX #1376","Groceries","61.52","Chase2674_Activity20240706_20260706_20260706.CSV"
"2026-04-14","2026-04","day-to-day-card","MILLHOPPER LIQUORS","Food & Drink","32.24","Chase2674_Activity20240706_20260706_20260706.CSV"
"2026-04-14","2026-04","day-to-day-card","PUBLIX #1376","Groceries","52.58","Chase2674_Activity20240706_20260706_20260706.CSV"
"2026-04-12","2026-04","day-to-day-card","MILLHOPPER ACE HDWE","Home","10.74","Chase2674_Activity20240706_20260706_20260706.CSV"
"2026-04-09","2026-04","day-to-day-card","PUBLIX #1376","Groceries","31.94","Chase2674_Activity20240706_20260706_20260706.CSV"
"2026-04-09","2026-04","day-to-day-card","SQ *UPPERCRUST","Food & Drink","7","Chase2674_Activity20240706_20260706_20260706.CSV"
"2026-04-08","2026-04","day-to-day-card","ENMARKET 1430","Gas","48.89","Chase2674_Activity20240706_20260706_20260706.CSV"
"2026-04-08","2026-04","day-to-day-card","QOBUZ","Entertainment","129.99","Chase2674_Activity20240706_20260706_20260706.CSV"
"2026-04-08","2026-04","day-to-day-card","AUTORIFIC HIGH PERFORMANC","Automotive","9.25","Chase2674_Activity20240706_20260706_20260706.CSV"
"2026-04-07","2026-04","day-to-day-card","SHEETZ 2539","Gas","41.31","Chase2674_Activity20240706_20260706_20260706.CSV"
"2026-04-05","2026-04","day-to-day-card","HARRIS TEETER #0254","Groceries","123.98","Chase2674_Activity20240706_20260706_20260706.CSV"
"2026-04-03","2026-04","day-to-day-card","FOOD LION #0542","Groceries","20.26","Chase2674_Activity20240706_20260706_20260706.CSV"
"2026-04-02","2026-04","day-to-day-card","GULF OIL 92065001","Gas","43.89","Chase2674_Activity20240706_20260706_20260706.CSV"
"2026-04-01","2026-04","day-to-day-card","PUBLIX #1376","Groceries","44.4","Chase2674_Activity20240706_20260706_20260706.CSV"
"2026-04-01","2026-04","day-to-day-card","THE BAGEL BAKERY","Food & Drink","4.66","Chase2674_Activity20240706_20260706_20260706.CSV"
"2026-03-31","2026-03","day-to-day-card","UF FOUNDATION WUFT","Gifts & Donations","50","Chase2674_Activity20240706_20260706_20260706.CSV"
"2026-03-30","2026-03","day-to-day-card","FSP*SWAMP HEAD BREWERY","Food & Drink","10.62","Chase2674_Activity20240706_20260706_20260706.CSV"
"2026-03-29","2026-03","day-to-day-card","SQ *EIMTHAI","Food & Drink","38.4","Chase2674_Activity20240706_20260706_20260706.CSV"
"2026-03-26","2026-03","day-to-day-card","APPLE.COM/BILL","Shopping","0.99","Chase2674_Activity20240706_20260706_20260706.CSV"
"2026-03-24","2026-03","day-to-day-card","PUBLIX #1376","Groceries","55.86","Chase2674_Activity20240706_20260706_20260706.CSV"
"2026-03-24","2026-03","day-to-day-card","GARDEN GATE NURSERY","Home","21.98","Chase2674_Activity20240706_20260706_20260706.CSV"
"2026-03-23","2026-03","day-to-day-card","HELP.HBOMAX.COM","Bills & Utilities","261.75","Chase2674_Activity20240706_20260706_20260706.CSV"
"2026-03-22","2026-03","day-to-day-card","MILLHOPPER LIQUORS","Food & Drink","46.21","Chase2674_Activity20240706_20260706_20260706.CSV"
"2026-03-22","2026-03","day-to-day-card","GARDEN GATE NURSERY","Home","13.98","Chase2674_Activity20240706_20260706_20260706.CSV"
"2026-03-22","2026-03","day-to-day-card","PUBLIX #1376","Groceries","56.49","Chase2674_Activity20240706_20260706_20260706.CSV"
"2026-03-22","2026-03","day-to-day-card","Netflix.com","Bills & Utilities","28.77","Chase2674_Activity20240706_20260706_20260706.CSV"
"2026-03-20","2026-03","day-to-day-card","BOOST MOBILE","Bills & Utilities","25.55","Chase2674_Activity20240706_20260706_20260706.CSV"
"2026-03-16","2026-03","day-to-day-card","THE BAGEL BAKERY","Food & Drink","4.41","Chase2674_Activity20240706_20260706_20260706.CSV"
"2026-03-16","2026-03","day-to-day-card","APPLE.COM/BILL","Shopping","10.99","Chase2674_Activity20240706_20260706_20260706.CSV"
"2026-03-15","2026-03","day-to-day-card","CHEVRON 0205051","Gas","47.48","Chase2674_Activity20240706_20260706_20260706.CSV"
"2026-03-15","2026-03","day-to-day-card","PUBLIX #1376","Groceries","33.12","Chase2674_Activity20240706_20260706_20260706.CSV"
"2026-03-11","2026-03","day-to-day-card","PUBLIX #1376","Groceries","23.8","Chase2674_Activity20240706_20260706_20260706.CSV"
"2026-03-08","2026-03","day-to-day-card","PUBLIX #1376","Groceries","57.78","Chase2674_Activity20240706_20260706_20260706.CSV"
"2026-03-08","2026-03","day-to-day-card","TST*MR. HANS RESTAURANT","Food & Drink","21.98","Chase2674_Activity20240706_20260706_20260706.CSV"
"2026-03-01","2026-03","day-to-day-card","SQ *UPPERCRUST","Food & Drink","8","Chase2674_Activity20240706_20260706_20260706.CSV"
"2026-02-26","2026-02","day-to-day-card","APPLE.COM/BILL","Shopping","0.99","Chase2674_Activity20240706_20260706_20260706.CSV"
"2026-02-23","2026-02","day-to-day-card","THE BAGEL BAKERY","Food & Drink","3.76","Chase2674_Activity20240706_20260706_20260706.CSV"
"2026-02-22","2026-02","day-to-day-card","PUBLIX #1376","Groceries","3.19","Chase2674_Activity20240706_20260706_20260706.CSV"
"2026-02-22","2026-02","day-to-day-card","PUBLIX #1376","Groceries","17.07","Chase2674_Activity20240706_20260706_20260706.CSV"
"2026-02-22","2026-02","day-to-day-card","Netflix.com","Bills & Utilities","28.77","Chase2674_Activity20240706_20260706_20260706.CSV"
"2026-02-20","2026-02","day-to-day-card","PUBLIX #1376","Groceries","50.36","Chase2674_Activity20240706_20260706_20260706.CSV"
"2026-02-20","2026-02","day-to-day-card","BOOST MOBILE","Bills & Utilities","25.55","Chase2674_Activity20240706_20260706_20260706.CSV"
"2026-02-20","2026-02","day-to-day-card","THE FRESH MARKET 082","Groceries","4.12","Chase2674_Activity20240706_20260706_20260706.CSV"
"2026-02-17","2026-02","day-to-day-card","PUBLIX #1376","Groceries","59.34","Chase2674_Activity20240706_20260706_20260706.CSV"
"2026-02-16","2026-02","day-to-day-card","APPLE.COM/BILL","Shopping","10.99","Chase2674_Activity20240706_20260706_20260706.CSV"
"2026-02-15","2026-02","day-to-day-card","TOTAL WINE AND MORE","Food & Drink","416.94","Chase2674_Activity20240706_20260706_20260706.CSV"
"2026-02-15","2026-02","day-to-day-card","INDIABAZAAR","Groceries","10.68","Chase2674_Activity20240706_20260706_20260706.CSV"
"2026-02-15","2026-02","day-to-day-card","INDIANCUISINE","Food & Drink","32.57","Chase2674_Activity20240706_20260706_20260706.CSV"
"2026-02-11","2026-02","day-to-day-card","ALDI 74169  GAINESVILL","Groceries","13.63","Chase2674_Activity20240706_20260706_20260706.CSV"
"2026-02-09","2026-02","day-to-day-card","PUBLIX #435","Groceries","82.75","Chase2674_Activity20240706_20260706_20260706.CSV"
"2026-02-08","2026-02","day-to-day-card","SQ *UPPERCRUST","Food & Drink","8","Chase2674_Activity20240706_20260706_20260706.CSV"
"2026-02-08","2026-02","day-to-day-card","CVS/PHARMACY #01815","Health & Wellness","1.69","Chase2674_Activity20240706_20260706_20260706.CSV"
"2026-02-05","2026-02","day-to-day-card","TST*MR. HANS RESTAURANT","Food & Drink","21.98","Chase2674_Activity20240706_20260706_20260706.CSV"
"2026-02-02","2026-02","day-to-day-card","NORTHWEST SEAFOOD MILHOPP","Groceries","31.17","Chase2674_Activity20240706_20260706_20260706.CSV"
"2026-02-01","2026-02","day-to-day-card","MICROSOFT*STORE","Shopping","69.99","Chase2674_Activity20240706_20260706_20260706.CSV"
"2026-02-01","2026-02","day-to-day-card","PY *LIVEAUCTIONEERS","Professional Services","7.7","Chase2674_Activity20240706_20260706_20260706.CSV"
"2026-02-01","2026-02","day-to-day-card","PUBLIX #1376","Groceries","66.55","Chase2674_Activity20240706_20260706_20260706.CSV"
"2026-02-01","2026-02","day-to-day-card","THE FRESH MARKET 082","Groceries","19.41","Chase2674_Activity20240706_20260706_20260706.CSV"
"2026-02-01","2026-02","day-to-day-card","SALV ARMY FL GAINESVILLE","Gifts & Donations","10","Chase2674_Activity20240706_20260706_20260706.CSV"
"2026-01-27","2026-01","day-to-day-card","GARDEN GATE NURSERY","Home","53.54","Chase2674_Activity20240706_20260706_20260706.CSV"
"2026-01-26","2026-01","day-to-day-card","PUBLIX #1376","Groceries","38.08","Chase2674_Activity20240706_20260706_20260706.CSV"
"2026-01-26","2026-01","day-to-day-card","THE FRESH MARKET 082","Groceries","5.99","Chase2674_Activity20240706_20260706_20260706.CSV"
"2026-01-26","2026-01","day-to-day-card","APPLE.COM/BILL","Shopping","0.99","Chase2674_Activity20240706_20260706_20260706.CSV"
"2026-01-25","2026-01","day-to-day-card","PUBLIX #435","Groceries","94.35","Chase2674_Activity20240706_20260706_20260706.CSV"
"2026-01-23","2026-01","day-to-day-card","PUBLIX #1376","Groceries","74.81","Chase2674_Activity20240706_20260706_20260706.CSV"
"2026-01-23","2026-01","day-to-day-card","JIMMY JOHNS 2644","Food & Drink","11.6","Chase2674_Activity20240706_20260706_20260706.CSV"
"2026-01-20","2026-01","day-to-day-card","BOOST MOBILE","Bills & Utilities","25.55","Chase2674_Activity20240706_20260706_20260706.CSV"
"2026-01-20","2026-01","day-to-day-card","NETFLIX.COM","Bills & Utilities","28.77","Chase2674_Activity20240706_20260706_20260706.CSV"
"2026-01-18","2026-01","day-to-day-card","PUBLIX #1376","Groceries","26.55","Chase2674_Activity20240706_20260706_20260706.CSV"
"2026-01-16","2026-01","day-to-day-card","APPLE.COM/BILL","Shopping","10.99","Chase2674_Activity20240706_20260706_20260706.CSV"
"2026-01-13","2026-01","day-to-day-card","VC* SUBURBAN ANIMAL HO","Personal","213.17","Chase2674_Activity20240706_20260706_20260706.CSV"
"2026-01-12","2026-01","day-to-day-card","PUBLIX #1376","Groceries","53.26","Chase2674_Activity20240706_20260706_20260706.CSV"
"2026-01-07","2026-01","day-to-day-card","MILLHOPPER LIQUORS","Food & Drink","37.61","Chase2674_Activity20240706_20260706_20260706.CSV"
"2026-01-07","2026-01","day-to-day-card","PUBLIX #1376","Groceries","19.98","Chase2674_Activity20240706_20260706_20260706.CSV"
"2026-01-07","2026-01","day-to-day-card","SQ *UPPERCRUST","Food & Drink","6.5","Chase2674_Activity20240706_20260706_20260706.CSV"
"2026-01-04","2026-01","day-to-day-card","PUBLIX #1376","Groceries","34.65","Chase2674_Activity20240706_20260706_20260706.CSV"
"2026-01-02","2026-01","day-to-day-card","ENSON MARKET","Groceries","44.49","Chase2674_Activity20240706_20260706_20260706.CSV"
"2025-12-31","2025-12","day-to-day-card","MILLHOPPER LIQUORS","Food & Drink","91.36","Chase2674_Activity20240706_20260706_20260706.CSV"
"2025-12-31","2025-12","day-to-day-card","PUBLIX #1376","Groceries","35.01","Chase2674_Activity20240706_20260706_20260706.CSV"
"2025-12-30","2025-12","day-to-day-card","ACTBLUE* JON.OSSOFF","Gifts & Donations","20","Chase2674_Activity20240706_20260706_20260706.CSV"
"2025-12-28","2025-12","day-to-day-card","LOWES #02365*","Home","101.03","Chase2674_Activity20240706_20260706_20260706.CSV"
"2025-12-28","2025-12","day-to-day-card","PUBLIX #1376","Groceries","17.83","Chase2674_Activity20240706_20260706_20260706.CSV"
"2025-12-26","2025-12","day-to-day-card","APPLE.COM/BILL","Shopping","0.99","Chase2674_Activity20240706_20260706_20260706.CSV"
"2025-12-26","2025-12","day-to-day-card","NORTHWEST SEAFOOD MILHOPP","Groceries","7.5","Chase2674_Activity20240706_20260706_20260706.CSV"
"2025-12-22","2025-12","day-to-day-card","NORTHWEST SEAFOOD MILHOPP","Groceries","15.46","Chase2674_Activity20240706_20260706_20260706.CSV"
"2025-12-21","2025-12","day-to-day-card","PUBLIX #1376","Groceries","49.77","Chase2674_Activity20240706_20260706_20260706.CSV"
"2025-12-21","2025-12","day-to-day-card","PUBLIX #1376","Groceries","20.69","Chase2674_Activity20240706_20260706_20260706.CSV"
"2025-12-21","2025-12","day-to-day-card","SQ *UPPERCRUST","Food & Drink","8","Chase2674_Activity20240706_20260706_20260706.CSV"
"2025-12-21","2025-12","day-to-day-card","Netflix.com","Bills & Utilities","28.77","Chase2674_Activity20240706_20260706_20260706.CSV"
"2025-12-21","2025-12","day-to-day-card","BOOST MOBILE","Bills & Utilities","25.56","Chase2674_Activity20240706_20260706_20260706.CSV"
"2025-12-16","2025-12","day-to-day-card","APPLE.COM/BILL","Shopping","10.99","Chase2674_Activity20240706_20260706_20260706.CSV"
"2025-12-15","2025-12","day-to-day-card","UF FOUNDATION WUFT","Gifts & Donations","50","Chase2674_Activity20240706_20260706_20260706.CSV"
"2025-12-15","2025-12","day-to-day-card","PUBLIX #1376","Groceries","19.89","Chase2674_Activity20240706_20260706_20260706.CSV"
"2025-12-14","2025-12","day-to-day-card","PUBLIX #435","Groceries","7.48","Chase2674_Activity20240706_20260706_20260706.CSV"
"2025-12-14","2025-12","day-to-day-card","PUBLIX #435","Groceries","125.92","Chase2674_Activity20240706_20260706_20260706.CSV"
"2025-12-10","2025-12","day-to-day-card","PUBLIX #1376","Groceries","36.84","Chase2674_Activity20240706_20260706_20260706.CSV"
"2025-12-10","2025-12","day-to-day-card","SQ *UPPERCRUST","Food & Drink","7","Chase2674_Activity20240706_20260706_20260706.CSV"
"2025-12-07","2025-12","day-to-day-card","HARRY'S OF GAINESVILLE","Food & Drink","71.42","Chase2674_Activity20240706_20260706_20260706.CSV"
"2025-12-07","2025-12","day-to-day-card","PUBLIX #1376","Groceries","22.13","Chase2674_Activity20240706_20260706_20260706.CSV"
"2025-12-07","2025-12","day-to-day-card","HARRY'S OF GAINESVILLE","Food & Drink","10.6","Chase2674_Activity20240706_20260706_20260706.CSV"
"2025-12-07","2025-12","day-to-day-card","SP PSTR STUDIO","Shopping","121.5","Chase2674_Activity20240706_20260706_20260706.CSV"
"2025-12-07","2025-12","day-to-day-card","CHUN CHING MARKET","Groceries","15.05","Chase2674_Activity20240706_20260706_20260706.CSV"
"2025-12-01","2025-12","day-to-day-card","PUBLIX #1376","Groceries","33.84","Chase2674_Activity20240706_20260706_20260706.CSV"
"2025-11-30","2025-11","day-to-day-card","PUBLIX #1376","Groceries","22.59","Chase2674_Activity20240706_20260706_20260706.CSV"
"2025-11-27","2025-11","day-to-day-card","PUBLIX #1376","Groceries","22.26","Chase2674_Activity20240706_20260706_20260706.CSV"
"2025-11-26","2025-11","day-to-day-card","APPLE.COM/BILL","Shopping","0.99","Chase2674_Activity20240706_20260706_20260706.CSV"
"2025-11-26","2025-11","day-to-day-card","PUBLIX #1376","Groceries","65","Chase2674_Activity20240706_20260706_20260706.CSV"
"2025-11-25","2025-11","day-to-day-card","SP WATER PIK INC.","Shopping","21.94","Chase2674_Activity20240706_20260706_20260706.CSV"
"2025-11-24","2025-11","day-to-day-card","PUBLIX #1376","Groceries","6.58","Chase2674_Activity20240706_20260706_20260706.CSV"
"2025-11-24","2025-11","day-to-day-card","THE FRESH MARKET 082","Groceries","7.99","Chase2674_Activity20240706_20260706_20260706.CSV"
"2025-11-24","2025-11","day-to-day-card","NORTHWEST SEAFOOD MILHOPP","Groceries","38.67","Chase2674_Activity20240706_20260706_20260706.CSV"
"2025-11-24","2025-11","day-to-day-card","NORTHWEST SEAFOOD MILHOPP","Groceries","5.2","Chase2674_Activity20240706_20260706_20260706.CSV"
"2025-11-23","2025-11","day-to-day-card","CHEVRON 0205051","Gas","14.22","Chase2674_Activity20240706_20260706_20260706.CSV"
"2025-11-23","2025-11","day-to-day-card","JIMMY JOHNS 2644","Food & Drink","11.6","Chase2674_Activity20240706_20260706_20260706.CSV"
"2025-11-23","2025-11","day-to-day-card","CHEVRON 0205051","Gas","4.18","Chase2674_Activity20240706_20260706_20260706.CSV"
"2025-11-23","2025-11","day-to-day-card","PUBLIX #1376","Groceries","66.02","Chase2674_Activity20240706_20260706_20260706.CSV"
"2025-11-23","2025-11","day-to-day-card","PUBLIX #1376","Groceries","44.41","Chase2674_Activity20240706_20260706_20260706.CSV"
"2025-11-20","2025-11","day-to-day-card","NETFLIX.COM","Bills & Utilities","28.77","Chase2674_Activity20240706_20260706_20260706.CSV"
"2025-11-20","2025-11","day-to-day-card","BOOST MOBILE","Bills & Utilities","25.56","Chase2674_Activity20240706_20260706_20260706.CSV"
"2025-11-16","2025-11","day-to-day-card","APPLE.COM/BILL","Shopping","10.99","Chase2674_Activity20240706_20260706_20260706.CSV"
"2025-11-16","2025-11","day-to-day-card","SQ *UPPERCRUST","Food & Drink","8","Chase2674_Activity20240706_20260706_20260706.CSV"
"2025-11-16","2025-11","day-to-day-card","GEICO  *AUTO","Bills & Utilities","365.9","Chase2674_Activity20240706_20260706_20260706.CSV"
"2025-11-16","2025-11","day-to-day-card","PUBLIX #1376","Groceries","22.27","Chase2674_Activity20240706_20260706_20260706.CSV"
"2025-11-14","2025-11","day-to-day-card","PUBLIX #1376","Groceries","21.79","Chase2674_Activity20240706_20260706_20260706.CSV"
"2025-11-09","2025-11","day-to-day-card","PUBLIX #435","Groceries","112.84","Chase2674_Activity20240706_20260706_20260706.CSV"
"2025-11-09","2025-11","day-to-day-card","PUBLIX #1376","Groceries","42.34","Chase2674_Activity20240706_20260706_20260706.CSV"
"2025-11-09","2025-11","day-to-day-card","MILLHOPPER ACE HDWE","Home","29.43","Chase2674_Activity20240706_20260706_20260706.CSV"
"2025-11-09","2025-11","day-to-day-card","GARDEN GATE NURSERY","Home","9.68","Chase2674_Activity20240706_20260706_20260706.CSV"
"2025-11-06","2025-11","day-to-day-card","PUBLIX #1376","Groceries","44.91","Chase2674_Activity20240706_20260706_20260706.CSV"
"2025-11-02","2025-11","day-to-day-card","NORTHWEST SEAFOOD MILHOPP","Groceries","23.89","Chase2674_Activity20240706_20260706_20260706.CSV"
"2025-11-02","2025-11","day-to-day-card","PUBLIX #1376","Groceries","2.79","Chase2674_Activity20240706_20260706_20260706.CSV"
"2025-10-31","2025-10","day-to-day-card","PUBLIX #1376","Groceries","2.49","Chase2674_Activity20240706_20260706_20260706.CSV"
"2025-10-31","2025-10","day-to-day-card","PUBLIX #1376","Groceries","57.07","Chase2674_Activity20240706_20260706_20260706.CSV"
"2025-10-29","2025-10","day-to-day-card","BENEVITY DONATIONS","Gifts & Donations","5","Chase2674_Activity20240706_20260706_20260706.CSV"
"2025-10-27","2025-10","day-to-day-card","UNIQUITIES CONSIGNMENT SH","Shopping","37.39","Chase2674_Activity20240706_20260706_20260706.CSV"
"2025-10-26","2025-10","day-to-day-card","SQ *UPPERCRUST","Food & Drink","8","Chase2674_Activity20240706_20260706_20260706.CSV"
"2025-10-26","2025-10","day-to-day-card","TOTALWINE 929 DIGITAL","Food & Drink","581.73","Chase2674_Activity20240706_20260706_20260706.CSV"
"2025-10-26","2025-10","day-to-day-card","SQ *FRIENDS OF THE LIBRAR","Shopping","16","Chase2674_Activity20240706_20260706_20260706.CSV"
"2025-10-26","2025-10","day-to-day-card","APPLE.COM/BILL","Shopping","0.99","Chase2674_Activity20240706_20260706_20260706.CSV"
"2025-10-26","2025-10","day-to-day-card","PUBLIX #1376","Groceries","16.97","Chase2674_Activity20240706_20260706_20260706.CSV"
"2025-10-22","2025-10","day-to-day-card","PUBLIX #1376","Groceries","44.21","Chase2674_Activity20240706_20260706_20260706.CSV"
"2025-10-21","2025-10","day-to-day-card","NETFLIX.COM","Bills & Utilities","28.77","Chase2674_Activity20240706_20260706_20260706.CSV"
"2025-10-20","2025-10","day-to-day-card","PUBLIX #1376","Groceries","7.92","Chase2674_Activity20240706_20260706_20260706.CSV"
"2025-10-20","2025-10","day-to-day-card","BOOST MOBILE","Bills & Utilities","25.56","Chase2674_Activity20240706_20260706_20260706.CSV"
"2025-10-19","2025-10","day-to-day-card","SUNOCO 0424030500","Gas","19.79","Chase2674_Activity20240706_20260706_20260706.CSV"
"2025-10-19","2025-10","day-to-day-card","EXXON FRIENDLY EXPRESS","Gas","27.74","Chase2674_Activity20240706_20260706_20260706.CSV"
"2025-10-16","2025-10","day-to-day-card","SHEETZ 2539","Gas","22.73","Chase2674_Activity20240706_20260706_20260706.CSV"
"2025-10-16","2025-10","day-to-day-card","APPLE.COM/BILL","Shopping","10.99","Chase2674_Activity20240706_20260706_20260706.CSV"
"2025-10-14","2025-10","day-to-day-card","FOOD LION #2620","Groceries","20.89","Chase2674_Activity20240706_20260706_20260706.CSV"
"2025-10-13","2025-10","day-to-day-card","MARATHON 201350","Gas","32.94","Chase2674_Activity20240706_20260706_20260706.CSV"
"2025-10-13","2025-10","day-to-day-card","VA ABC STORE 214","Bills & Utilities","105.28","Chase2674_Activity20240706_20260706_20260706.CSV"
"2025-10-12","2025-10","day-to-day-card","PUBLIX #1376","Groceries","32.57","Chase2674_Activity20240706_20260706_20260706.CSV"
"2025-10-12","2025-10","day-to-day-card","MEXICO SHOP WEST SOB","Shopping","9.67","Chase2674_Activity20240706_20260706_20260706.CSV"
"2025-10-06","2025-10","day-to-day-card","PUBLIX #1376","Groceries","51.19","Chase2674_Activity20240706_20260706_20260706.CSV"
"2025-10-03","2025-10","day-to-day-card","SQ *UPPERCRUST","Food & Drink","8","Chase2674_Activity20240706_20260706_20260706.CSV"
"2025-10-03","2025-10","day-to-day-card","PUBLIX #1376","Groceries","61.16","Chase2674_Activity20240706_20260706_20260706.CSV"
"2025-09-29","2025-09","day-to-day-card","PUBLIX #1376","Groceries","43.55","Chase2674_Activity20240706_20260706_20260706.CSV"
"2025-09-26","2025-09","day-to-day-card","APPLE.COM/BILL","Shopping","0.99","Chase2674_Activity20240706_20260706_20260706.CSV"
"2025-09-22","2025-09","day-to-day-card","PUBLIX #1376","Groceries","43.57","Chase2674_Activity20240706_20260706_20260706.CSV"
"2025-09-21","2025-09","day-to-day-card","BOOST MOBILE","Bills & Utilities","25.55","Chase2674_Activity20240706_20260706_20260706.CSV"
"2025-09-21","2025-09","day-to-day-card","NETFLIX.COM","Bills & Utilities","28.77","Chase2674_Activity20240706_20260706_20260706.CSV"
"2025-09-19","2025-09","day-to-day-card","PUBLIX #1376","Groceries","35.95","Chase2674_Activity20240706_20260706_20260706.CSV"
"2025-09-16","2025-09","day-to-day-card","APPLE.COM/BILL","Shopping","10.99","Chase2674_Activity20240706_20260706_20260706.CSV"
"2025-09-15","2025-09","day-to-day-card","PUBLIX #435","Groceries","78.44","Chase2674_Activity20240706_20260706_20260706.CSV"
"2025-09-15","2025-09","day-to-day-card","PUBLIX #1376","Groceries","43.77","Chase2674_Activity20240706_20260706_20260706.CSV"
"2025-09-11","2025-09","day-to-day-card","JIMMY JOHNS 2644","Food & Drink","11.28","Chase2674_Activity20240706_20260706_20260706.CSV"
"2025-09-11","2025-09","day-to-day-card","THE FRESH MARKET 082","Groceries","21","Chase2674_Activity20240706_20260706_20260706.CSV"
"2025-09-11","2025-09","day-to-day-card","PUBLIX #1376","Groceries","52.61","Chase2674_Activity20240706_20260706_20260706.CSV"
"2025-09-10","2025-09","day-to-day-card","PETDATA  INC.","Professional Services","27","Chase2674_Activity20240706_20260706_20260706.CSV"
"2025-09-10","2025-09","day-to-day-card","SUBURBAN ANIMAL HOSPITAL","Personal","335","Chase2674_Activity20240706_20260706_20260706.CSV"
"2025-09-08","2025-09","day-to-day-card","PUBLIX #1376","Groceries","50.4","Chase2674_Activity20240706_20260706_20260706.CSV"
"2025-09-08","2025-09","day-to-day-card","NORTHWEST SEAFOOD MILHOPP","Groceries","19.05","Chase2674_Activity20240706_20260706_20260706.CSV"
"2025-09-07","2025-09","day-to-day-card","SQ *UPPERCRUST","Food & Drink","7","Chase2674_Activity20240706_20260706_20260706.CSV"
"2025-09-02","2025-09","day-to-day-card","PUBLIX #1376","Groceries","49.33","Chase2674_Activity20240706_20260706_20260706.CSV"
"2025-09-02","2025-09","day-to-day-card","PUBLIX #435","Groceries","182.15","Chase2674_Activity20240706_20260706_20260706.CSV"
"2025-09-01","2025-09","day-to-day-card","PUBLIX #1376","Groceries","23.54","Chase2674_Activity20240706_20260706_20260706.CSV"
"2025-09-01","2025-09","day-to-day-card","MILLHOPPER LIQUORS","Food & Drink","91.36","Chase2674_Activity20240706_20260706_20260706.CSV"
"2025-08-26","2025-08","day-to-day-card","APPLE.COM/BILL","Shopping","0.99","Chase2674_Activity20240706_20260706_20260706.CSV"
"2025-08-25","2025-08","day-to-day-card","PUBLIX #1376","Groceries","26.89","Chase2674_Activity20240706_20260706_20260706.CSV"
"2025-08-24","2025-08","day-to-day-card","CHEVRON 0205051","Gas","14.9","Chase2674_Activity20240706_20260706_20260706.CSV"
"2025-08-24","2025-08","day-to-day-card","PUBLIX #1376","Groceries","15.97","Chase2674_Activity20240706_20260706_20260706.CSV"
"2025-08-22","2025-08","day-to-day-card","PUBLIX #1376","Groceries","52.39","Chase2674_Activity20240706_20260706_20260706.CSV"
"2025-08-22","2025-08","day-to-day-card","JIMMY JOHNS 2644","Food & Drink","11.28","Chase2674_Activity20240706_20260706_20260706.CSV"
"2025-08-21","2025-08","day-to-day-card","NETFLIX.COM","Bills & Utilities","28.77","Chase2674_Activity20240706_20260706_20260706.CSV"
"2025-08-20","2025-08","day-to-day-card","BOOST MOBILE","Bills & Utilities","30.58","Chase2674_Activity20240706_20260706_20260706.CSV"
"2025-08-18","2025-08","day-to-day-card","PUBLIX #1376","Groceries","31.02","Chase2674_Activity20240706_20260706_20260706.CSV"
"2025-08-17","2025-08","day-to-day-card","APPLE.COM/BILL","Shopping","10.99","Chase2674_Activity20240706_20260706_20260706.CSV"
"2025-08-13","2025-08","day-to-day-card","PUBLIX #1376","Groceries","18.42","Chase2674_Activity20240706_20260706_20260706.CSV"
"2025-08-11","2025-08","day-to-day-card","PUBLIX #1376","Groceries","15.48","Chase2674_Activity20240706_20260706_20260706.CSV"
"2025-08-10","2025-08","day-to-day-card","SQ *UPPERCRUST","Food & Drink","6.95","Chase2674_Activity20240706_20260706_20260706.CSV"
"2025-08-10","2025-08","day-to-day-card","PUBLIX #1376","Groceries","31.1","Chase2674_Activity20240706_20260706_20260706.CSV"
"2025-08-10","2025-08","day-to-day-card","SQ *SERPENTINE","Shopping","39.56","Chase2674_Activity20240706_20260706_20260706.CSV"
"2025-08-10","2025-08","day-to-day-card","CHUN CHING MARKET","Groceries","11.97","Chase2674_Activity20240706_20260706_20260706.CSV"
"2025-08-07","2025-08","day-to-day-card","PUBLIX #1376","Groceries","38.32","Chase2674_Activity20240706_20260706_20260706.CSV"
"2025-08-07","2025-08","day-to-day-card","MILLHOPPER LIQUORS","Food & Drink","32.24","Chase2674_Activity20240706_20260706_20260706.CSV"
"2025-08-06","2025-08","day-to-day-card","UF FOUNDATION WUFT","Gifts & Donations","100","Chase2674_Activity20240706_20260706_20260706.CSV"
"2025-08-05","2025-08","day-to-day-card","BOOST MOBILE","Bills & Utilities","15.33","Chase2674_Activity20240706_20260706_20260706.CSV"
"2025-08-03","2025-08","day-to-day-card","NORTHWEST SEAFOOD MILHOPP","Groceries","18.44","Chase2674_Activity20240706_20260706_20260706.CSV"
"2025-08-03","2025-08","day-to-day-card","PUBLIX #1376","Groceries","50.53","Chase2674_Activity20240706_20260706_20260706.CSV"
"2025-07-28","2025-07","day-to-day-card","PUBLIX #1376","Groceries","42.01","Chase2674_Activity20240706_20260706_20260706.CSV"
"2025-07-27","2025-07","day-to-day-card","APPLE.COM/BILL","Shopping","0.99","Chase2674_Activity20240706_20260706_20260706.CSV"
"2025-07-27","2025-07","day-to-day-card","ABC FINE WINE/SPIRITS 112","Food & Drink","162","Chase2674_Activity20240706_20260706_20260706.CSV"
"2025-07-25","2025-07","day-to-day-card","THE FRESH MARKET 082","Groceries","6.45","Chase2674_Activity20240706_20260706_20260706.CSV"
"2025-07-25","2025-07","day-to-day-card","PUBLIX #1376","Groceries","10.47","Chase2674_Activity20240706_20260706_20260706.CSV"
"2025-07-24","2025-07","day-to-day-card","PUBLIX #1376","Groceries","39.46","Chase2674_Activity20240706_20260706_20260706.CSV"
"2025-07-24","2025-07","day-to-day-card","JETBLUE     2797276244458","Travel","199","Chase2674_Activity20240706_20260706_20260706.CSV"
"2025-07-21","2025-07","day-to-day-card","NETFLIX.COM","Bills & Utilities","28.77","Chase2674_Activity20240706_20260706_20260706.CSV"
"2025-07-20","2025-07","day-to-day-card","PUBLIX #1376","Groceries","39.22","Chase2674_Activity20240706_20260706_20260706.CSV"
"2025-07-20","2025-07","day-to-day-card","SQ *UPPERCRUST","Food & Drink","7.95","Chase2674_Activity20240706_20260706_20260706.CSV"
"2025-07-20","2025-07","day-to-day-card","BOOST MOBILE","Bills & Utilities","66.13","Chase2674_Activity20240706_20260706_20260706.CSV"
"2025-07-18","2025-07","day-to-day-card","ABC FINE WINE/SPIRITS 112","Food & Drink","203.64","Chase2674_Activity20240706_20260706_20260706.CSV"
"2025-07-18","2025-07","day-to-day-card","THE HOME DEPOT #0270","Home","38.66","Chase2674_Activity20240706_20260706_20260706.CSV"
"2025-07-17","2025-07","day-to-day-card","CIRCLE K # 01301","Gas","43.12","Chase2674_Activity20240706_20260706_20260706.CSV"
"2025-07-17","2025-07","day-to-day-card","PARK PLACE SELF SERVE CA","Automotive","10.48","Chase2674_Activity20240706_20260706_20260706.CSV"
"2025-07-16","2025-07","day-to-day-card","PUBLIX #1376","Groceries","18.77","Chase2674_Activity20240706_20260706_20260706.CSV"
"2025-07-16","2025-07","day-to-day-card","APPLE.COM/BILL","Shopping","10.99","Chase2674_Activity20240706_20260706_20260706.CSV"
"2025-07-16","2025-07","day-to-day-card","TST*DRAGONFLY SUSHI &amp; SA","Food & Drink","237.81","Chase2674_Activity20240706_20260706_20260706.CSV"
"2025-07-15","2025-07","day-to-day-card","PESCA VILANO 2","Food & Drink","10.74","Chase2674_Activity20240706_20260706_20260706.CSV"
"2025-07-14","2025-07","day-to-day-card","JAXZA - LDG - HP VILANO B","Travel","296.04","Chase2674_Activity20240706_20260706_20260706.CSV"
"2025-07-14","2025-07","day-to-day-card","TST* ICE PLANT BAR &amp; BOTT","Food & Drink","191.7","Chase2674_Activity20240706_20260706_20260706.CSV"
"2025-07-14","2025-07","day-to-day-card","FLAGLER COLLEGE INC","Education","10","Chase2674_Activity20240706_20260706_20260706.CSV"
"2025-07-14","2025-07","day-to-day-card","JAXZA - LDG - HP VILANO B","Travel","296.44","Chase2674_Activity20240706_20260706_20260706.CSV"
"2025-07-14","2025-07","day-to-day-card","TST*THE FLORIDIAN","Food & Drink","85.5","Chase2674_Activity20240706_20260706_20260706.CSV"
"2025-07-14","2025-07","day-to-day-card","HARRY'S OF ST AUGUSTINE","Food & Drink","117.79","Chase2674_Activity20240706_20260706_20260706.CSV"
"2025-07-13","2025-07","day-to-day-card","SQ *SUE &amp; BOB CORP","Shopping","2.13","Chase2674_Activity20240706_20260706_20260706.CSV"
"2025-07-13","2025-07","day-to-day-card","TST*BLUE GILL QUALITY FO","Food & Drink","185.78","Chase2674_Activity20240706_20260706_20260706.CSV"
"2025-07-13","2025-07","day-to-day-card","PUBLIX #1376","Groceries","96.32","Chase2674_Activity20240706_20260706_20260706.CSV"
"2025-07-11","2025-07","day-to-day-card","TST*DRAGONFLY SUSHI &amp; SA","Food & Drink","247.48","Chase2674_Activity20240706_20260706_20260706.CSV"
"2025-07-10","2025-07","day-to-day-card","THE TOP","Food & Drink","121.05","Chase2674_Activity20240706_20260706_20260706.CSV"
"2025-07-09","2025-07","day-to-day-card","PUBLIX #1376","Groceries","21.97","Chase2674_Activity20240706_20260706_20260706.CSV"
"2025-07-07","2025-07","day-to-day-card","PUBLIX #1376","Groceries","26.41","Chase2674_Activity20240706_20260706_20260706.CSV"
"2025-07-07","2025-07","day-to-day-card","TST* SONNY'S BBQ - 001 -","Food & Drink","102.92","Chase2674_Activity20240706_20260706_20260706.CSV"
"2025-07-07","2025-07","day-to-day-card","NORTHWEST SEAFOOD MILHOPP","Groceries","23.27","Chase2674_Activity20240706_20260706_20260706.CSV"
"2025-07-06","2025-07","day-to-day-card","JIMMY JOHNS 2644","Food & Drink","49.82","Chase2674_Activity20240706_20260706_20260706.CSV"
"2025-07-06","2025-07","day-to-day-card","PUBLIX #1376","Groceries","16.65","Chase2674_Activity20240706_20260706_20260706.CSV"
"2025-07-06","2025-07","day-to-day-card","PUBLIX #1376","Groceries","87.4","Chase2674_Activity20240706_20260706_20260706.CSV"
"2025-07-06","2025-07","day-to-day-card","SQ *UPPERCRUST","Food & Drink","7.95","Chase2674_Activity20240706_20260706_20260706.CSV"
"2025-07-06","2025-07","day-to-day-card","THE FRESH MARKET 082","Groceries","45.63","Chase2674_Activity20240706_20260706_20260706.CSV"
"2025-06-30","2025-06","day-to-day-card","PUBLIX #1376","Groceries","53.42","Chase2674_Activity20240706_20260706_20260706.CSV"
"2025-06-29","2025-06","day-to-day-card","PUBLIX #1376","Groceries","42.52","Chase2674_Activity20240706_20260706_20260706.CSV"
"2025-06-26","2025-06","day-to-day-card","APPLE.COM/BILL","Shopping","0.99","Chase2674_Activity20240706_20260706_20260706.CSV"
"2025-06-25","2025-06","day-to-day-card","PUBLIX #1376","Groceries","36.14","Chase2674_Activity20240706_20260706_20260706.CSV"
"2025-06-23","2025-06","day-to-day-card","THE HOME DEPOT #0270","Home","11.76","Chase2674_Activity20240706_20260706_20260706.CSV"
"2025-06-23","2025-06","day-to-day-card","THE HOME DEPOT #0270","Home","32.1","Chase2674_Activity20240706_20260706_20260706.CSV"
"2025-06-22","2025-06","day-to-day-card","NETFLIX.COM","Bills & Utilities","28.77","Chase2674_Activity20240706_20260706_20260706.CSV"
"2025-06-20","2025-06","day-to-day-card","THE HOME DEPOT #0270","Home","66.98","Chase2674_Activity20240706_20260706_20260706.CSV"
"2025-06-19","2025-06","day-to-day-card","PUBLIX #1376","Groceries","58.45","Chase2674_Activity20240706_20260706_20260706.CSV"
"2025-06-18","2025-06","day-to-day-card","BOOST MOBILE","Bills & Utilities","61.1","Chase2674_Activity20240706_20260706_20260706.CSV"
"2025-06-16","2025-06","day-to-day-card","PUBLIX #1376","Groceries","48.96","Chase2674_Activity20240706_20260706_20260706.CSV"
"2025-06-16","2025-06","day-to-day-card","APPLE.COM/BILL","Shopping","10.99","Chase2674_Activity20240706_20260706_20260706.CSV"
"2025-06-12","2025-06","day-to-day-card","PUBLIX #435","Groceries","17.32","Chase2674_Activity20240706_20260706_20260706.CSV"
"2025-06-12","2025-06","day-to-day-card","BP#2024776NEEL ONE INC","Gas","39.73","Chase2674_Activity20240706_20260706_20260706.CSV"
"2025-06-12","2025-06","day-to-day-card","PUBLIX #435","Groceries","124.3","Chase2674_Activity20240706_20260706_20260706.CSV"
"2025-06-11","2025-06","day-to-day-card","PUBLIX #1376","Groceries","27.35","Chase2674_Activity20240706_20260706_20260706.CSV"
"2025-06-09","2025-06","day-to-day-card","ADAMS RIB CO.","Food & Drink","20.28","Chase2674_Activity20240706_20260706_20260706.CSV"
"2025-06-08","2025-06","day-to-day-card","PUBLIX #537","Groceries","50.03","Chase2674_Activity20240706_20260706_20260706.CSV"
"2025-06-05","2025-06","day-to-day-card","PUBLIX #1376","Groceries","49.33","Chase2674_Activity20240706_20260706_20260706.CSV"
"2025-06-05","2025-06","day-to-day-card","JIMMY JOHNS 2644","Food & Drink","11.28","Chase2674_Activity20240706_20260706_20260706.CSV"
"2025-06-02","2025-06","day-to-day-card","PUBLIX #1376","Groceries","43.81","Chase2674_Activity20240706_20260706_20260706.CSV"
"2025-06-01","2025-06","day-to-day-card","MARATHON PETRO199125","Gas","27.57","Chase2674_Activity20240706_20260706_20260706.CSV"
"2025-06-01","2025-06","day-to-day-card","UNIVERSITY ACE HDWE","Home","7.52","Chase2674_Activity20240706_20260706_20260706.CSV"
"2025-05-29","2025-05","day-to-day-card","TST*STRONG ARM BAKING","Food & Drink","20.7","Chase2674_Activity20240706_20260706_20260706.CSV"
"2025-05-29","2025-05","day-to-day-card","GRANVILLE COUNTY ABC STOR","Bills & Utilities","86.46","Chase2674_Activity20240706_20260706_20260706.CSV"
"2025-05-26","2025-05","day-to-day-card","PUBLIX #1376","Groceries","9.65","Chase2674_Activity20240706_20260706_20260706.CSV"
"2025-05-26","2025-05","day-to-day-card","APPLE.COM/BILL","Shopping","0.99","Chase2674_Activity20240706_20260706_20260706.CSV"
"2025-05-26","2025-05","day-to-day-card","SUNOCO 0424030500","Gas","33.46","Chase2674_Activity20240706_20260706_20260706.CSV"
"2025-05-26","2025-05","day-to-day-card","BP#1596400MM FL MANAGEME","Gas","26","Chase2674_Activity20240706_20260706_20260706.CSV"
"2025-05-25","2025-05","day-to-day-card","PUBLIX #1376","Groceries","40.84","Chase2674_Activity20240706_20260706_20260706.CSV"
"2025-05-21","2025-05","day-to-day-card","NETFLIX.COM","Bills & Utilities","28.77","Chase2674_Activity20240706_20260706_20260706.CSV"
"2025-05-19","2025-05","day-to-day-card","PUBLIX #435","Groceries","22.37","Chase2674_Activity20240706_20260706_20260706.CSV"
"2025-05-19","2025-05","day-to-day-card","PUBLIX #435","Groceries","73.94","Chase2674_Activity20240706_20260706_20260706.CSV"
"2025-05-19","2025-05","day-to-day-card","PUBLIX #1376","Groceries","34.11","Chase2674_Activity20240706_20260706_20260706.CSV"
"2025-05-18","2025-05","day-to-day-card","BOOST MOBILE","Bills & Utilities","61.1","Chase2674_Activity20240706_20260706_20260706.CSV"
"2025-05-18","2025-05","day-to-day-card","CHEVRON 0205051","Gas","14.59","Chase2674_Activity20240706_20260706_20260706.CSV"
"2025-05-18","2025-05","day-to-day-card","MILLHOPPER ACE HDWE","Home","9.67","Chase2674_Activity20240706_20260706_20260706.CSV"
"2025-05-16","2025-05","day-to-day-card","GEICO  *AUTO","Bills & Utilities","364.06","Chase2674_Activity20240706_20260706_20260706.CSV"
"2025-05-16","2025-05","day-to-day-card","APPLE.COM/BILL","Shopping","10.99","Chase2674_Activity20240706_20260706_20260706.CSV"
"2025-05-16","2025-05","day-to-day-card","THE FRESH MARKET 082","Groceries","6.45","Chase2674_Activity20240706_20260706_20260706.CSV"
"2025-05-16","2025-05","day-to-day-card","PUBLIX #1376","Groceries","23.83","Chase2674_Activity20240706_20260706_20260706.CSV"
"2025-05-12","2025-05","day-to-day-card","PUBLIX #1376","Groceries","42.49","Chase2674_Activity20240706_20260706_20260706.CSV"
"2025-05-11","2025-05","day-to-day-card","PUBLIX #1376","Groceries","41.06","Chase2674_Activity20240706_20260706_20260706.CSV"
"2025-05-11","2025-05","day-to-day-card","THE FRESH MARKET 082","Groceries","21.49","Chase2674_Activity20240706_20260706_20260706.CSV"
"2025-05-07","2025-05","day-to-day-card","PARK PLACE SELF SERVE CA","Automotive","13","Chase2674_Activity20240706_20260706_20260706.CSV"
"2025-05-06","2025-05","day-to-day-card","JIMMY JOHNS 2644","Food & Drink","10.74","Chase2674_Activity20240706_20260706_20260706.CSV"
"2025-05-06","2025-05","day-to-day-card","PUBLIX #1376","Groceries","19.59","Chase2674_Activity20240706_20260706_20260706.CSV"
"2025-05-06","2025-05","day-to-day-card","MILLHOPPER LIQUORS","Food & Drink","91.36","Chase2674_Activity20240706_20260706_20260706.CSV"
"2025-05-04","2025-05","day-to-day-card","PUBLIX #1376","Groceries","20.53","Chase2674_Activity20240706_20260706_20260706.CSV"
"2025-05-02","2025-05","day-to-day-card","PUBLIX #1376","Groceries","12.35","Chase2674_Activity20240706_20260706_20260706.CSV"
"2025-05-01","2025-05","day-to-day-card","NORTHWEST SEAFOOD MILHOPP","Groceries","9.36","Chase2674_Activity20240706_20260706_20260706.CSV"
"2025-04-30","2025-04","day-to-day-card","PUBLIX #1376","Groceries","16.97","Chase2674_Activity20240706_20260706_20260706.CSV"
"2025-04-28","2025-04","day-to-day-card","PUBLIX #1376","Groceries","18.82","Chase2674_Activity20240706_20260706_20260706.CSV"
"2025-04-27","2025-04","day-to-day-card","APPLE.COM/BILL","Shopping","0.99","Chase2674_Activity20240706_20260706_20260706.CSV"
"2025-04-25","2025-04","day-to-day-card","PUBLIX #1376","Groceries","29.81","Chase2674_Activity20240706_20260706_20260706.CSV"
"2025-04-25","2025-04","day-to-day-card","THE FRESH MARKET 082","Groceries","11.83","Chase2674_Activity20240706_20260706_20260706.CSV"
"2025-04-22","2025-04","day-to-day-card","PUBLIX #1376","Groceries","1","Chase2674_Activity20240706_20260706_20260706.CSV"
"2025-04-22","2025-04","day-to-day-card","PUBLIX #1376","Groceries","28.17","Chase2674_Activity20240706_20260706_20260706.CSV"
"2025-04-21","2025-04","day-to-day-card","THE FRESH MARKET 082","Groceries","21.33","Chase2674_Activity20240706_20260706_20260706.CSV"
"2025-04-20","2025-04","day-to-day-card","NETFLIX.COM","Bills & Utilities","28.77","Chase2674_Activity20240706_20260706_20260706.CSV"
"2025-04-18","2025-04","day-to-day-card","BOOST MOBILE","Bills & Utilities","61.1","Chase2674_Activity20240706_20260706_20260706.CSV"
"2025-04-18","2025-04","day-to-day-card","GARDEN GATE NURSERY","Home","28.99","Chase2674_Activity20240706_20260706_20260706.CSV"
"2025-04-16","2025-04","day-to-day-card","MILLHOPPER LIQUORS","Food & Drink","80.6","Chase2674_Activity20240706_20260706_20260706.CSV"
"2025-04-16","2025-04","day-to-day-card","APPLE.COM/BILL","Shopping","10.99","Chase2674_Activity20240706_20260706_20260706.CSV"
"2025-04-16","2025-04","day-to-day-card","PUBLIX #1376","Groceries","49.38","Chase2674_Activity20240706_20260706_20260706.CSV"
"2025-04-15","2025-04","day-to-day-card","VC* SUBURBAN ANIMAL HO","Personal","190.73","Chase2674_Activity20240706_20260706_20260706.CSV"
"2025-04-13","2025-04","day-to-day-card","PUBLIX #1376","Groceries","48.2","Chase2674_Activity20240706_20260706_20260706.CSV"
"2025-04-09","2025-04","day-to-day-card","JACKS SMALL ENGINES","Automotive","23.29","Chase2674_Activity20240706_20260706_20260706.CSV"
"2025-04-09","2025-04","day-to-day-card","NORTHWEST SEAFOOD","Groceries","20.91","Chase2674_Activity20240706_20260706_20260706.CSV"
"2025-04-08","2025-04","day-to-day-card","PUBLIX #1376","Groceries","68.11","Chase2674_Activity20240706_20260706_20260706.CSV"
"2025-04-07","2025-04","day-to-day-card","PUBLIX #1376","Groceries","24.83","Chase2674_Activity20240706_20260706_20260706.CSV"
"2025-04-07","2025-04","day-to-day-card","NORTHWEST SEAFOOD","Groceries","11.95","Chase2674_Activity20240706_20260706_20260706.CSV"
"2025-04-03","2025-04","day-to-day-card","PUBLIX #1376","Groceries","46.62","Chase2674_Activity20240706_20260706_20260706.CSV"
"2025-04-01","2025-04","day-to-day-card","UF FOUNDATION WUFT","Gifts & Donations","40","Chase2674_Activity20240706_20260706_20260706.CSV"
"2025-03-31","2025-03","day-to-day-card","NORTHWEST SEAFOOD","Groceries","7.2","Chase2674_Activity20240706_20260706_20260706.CSV"
"2025-03-31","2025-03","day-to-day-card","PUBLIX #1376","Groceries","1.49","Chase2674_Activity20240706_20260706_20260706.CSV"
"2025-03-31","2025-03","day-to-day-card","PUBLIX #1376","Groceries","21.83","Chase2674_Activity20240706_20260706_20260706.CSV"
"2025-03-31","2025-03","day-to-day-card","PUBLIX #1376","Groceries","23","Chase2674_Activity20240706_20260706_20260706.CSV"
"2025-03-28","2025-03","day-to-day-card","PUBLIX #1376","Groceries","49.81","Chase2674_Activity20240706_20260706_20260706.CSV"
"2025-03-27","2025-03","day-to-day-card","ACTBLUE JOSH.WEIL","Gifts & Donations","35","Chase2674_Activity20240706_20260706_20260706.CSV"
"2025-03-27","2025-03","day-to-day-card","ACTBLUE GAY.VALIMONT","Gifts & Donations","25","Chase2674_Activity20240706_20260706_20260706.CSV"
"2025-03-27","2025-03","day-to-day-card","ACTBLUE_DONATETODEMS","Gifts & Donations","3","Chase2674_Activity20240706_20260706_20260706.CSV"
"2025-03-26","2025-03","day-to-day-card","APPLE.COM/BILL","Shopping","0.99","Chase2674_Activity20240706_20260706_20260706.CSV"
"2025-03-24","2025-03","day-to-day-card","PUBLIX #1376","Groceries","41.95","Chase2674_Activity20240706_20260706_20260706.CSV"
"2025-03-23","2025-03","day-to-day-card","HELP.MAX.COM","Entertainment","241.78","Chase2674_Activity20240706_20260706_20260706.CSV"
"2025-03-23","2025-03","day-to-day-card","MILLHOPPER LIQUORS","Food & Drink","37.61","Chase2674_Activity20240706_20260706_20260706.CSV"
"2025-03-23","2025-03","day-to-day-card","PUBLIX #1376","Groceries","44.76","Chase2674_Activity20240706_20260706_20260706.CSV"
"2025-03-23","2025-03","day-to-day-card","MILLHOPPER ACE HDWE","Home","16.12","Chase2674_Activity20240706_20260706_20260706.CSV"
"2025-03-21","2025-03","day-to-day-card","Netflix","Bills & Utilities","28.77","Chase2674_Activity20240706_20260706_20260706.CSV"
"2025-03-20","2025-03","day-to-day-card","PUBLIX #1376","Groceries","48.43","Chase2674_Activity20240706_20260706_20260706.CSV"
"2025-03-18","2025-03","day-to-day-card","BOOST MOBILE","Bills & Utilities","61.1","Chase2674_Activity20240706_20260706_20260706.CSV"
"2025-03-16","2025-03","day-to-day-card","NORTHWEST SEAFOOD","Groceries","12.23","Chase2674_Activity20240706_20260706_20260706.CSV"
"2025-03-16","2025-03","day-to-day-card","APPLE.COM/BILL","Shopping","10.99","Chase2674_Activity20240706_20260706_20260706.CSV"
"2025-03-16","2025-03","day-to-day-card","PUBLIX #1376","Groceries","2.64","Chase2674_Activity20240706_20260706_20260706.CSV"
"2025-03-16","2025-03","day-to-day-card","PUBLIX #1376","Groceries","45.42","Chase2674_Activity20240706_20260706_20260706.CSV"
"2025-03-12","2025-03","day-to-day-card","PARK PLACE SELF SERVE CA","Automotive","8.14","Chase2674_Activity20240706_20260706_20260706.CSV"
"2025-03-12","2025-03","day-to-day-card","Sujin Smiles","Health & Wellness","3900","Chase2674_Activity20240706_20260706_20260706.CSV"
"2025-03-11","2025-03","day-to-day-card","MILLHOPPER LIQUORS","Food & Drink","134.35","Chase2674_Activity20240706_20260706_20260706.CSV"
"2025-03-11","2025-03","day-to-day-card","JIMMY JOHNS 2644","Food & Drink","10.74","Chase2674_Activity20240706_20260706_20260706.CSV"
"2025-03-11","2025-03","day-to-day-card","PUBLIX #1376","Groceries","31.18","Chase2674_Activity20240706_20260706_20260706.CSV"
"2025-03-07","2025-03","day-to-day-card","PUBLIX #1376","Groceries","66.46","Chase2674_Activity20240706_20260706_20260706.CSV"
"2025-03-07","2025-03","day-to-day-card","THE FRESH MARKET 082","Groceries","11.89","Chase2674_Activity20240706_20260706_20260706.CSV"
"2025-03-03","2025-03","day-to-day-card","NORTHWEST SEAFOOD","Groceries","21.52","Chase2674_Activity20240706_20260706_20260706.CSV"
"2025-03-03","2025-03","day-to-day-card","PUBLIX #1376","Groceries","27.37","Chase2674_Activity20240706_20260706_20260706.CSV"
"2025-03-02","2025-03","day-to-day-card","MILLHOPPER ACE HDWE","Home","85.11","Chase2674_Activity20240706_20260706_20260706.CSV"
"2025-03-02","2025-03","day-to-day-card","JIMMY JOHNS 2644","Food & Drink","9.66","Chase2674_Activity20240706_20260706_20260706.CSV"
"2025-03-02","2025-03","day-to-day-card","PUBLIX #1376","Groceries","14.63","Chase2674_Activity20240706_20260706_20260706.CSV"
"2025-02-27","2025-02","day-to-day-card","PUBLIX #1376","Groceries","79.36","Chase2674_Activity20240706_20260706_20260706.CSV"
"2025-02-27","2025-02","day-to-day-card","SI AFRCN AMER HIST &amp; CUL","Gifts & Donations","40","Chase2674_Activity20240706_20260706_20260706.CSV"
"2025-02-26","2025-02","day-to-day-card","APPLE.COM/BILL","Shopping","0.99","Chase2674_Activity20240706_20260706_20260706.CSV"
"2025-02-24","2025-02","day-to-day-card","PUBLIX #1376","Groceries","39.22","Chase2674_Activity20240706_20260706_20260706.CSV"
"2025-02-23","2025-02","day-to-day-card","MILLHOPPER ACE HDWE","Home","42.53","Chase2674_Activity20240706_20260706_20260706.CSV"
"2025-02-20","2025-02","day-to-day-card","Netflix","Bills & Utilities","26.47","Chase2674_Activity20240706_20260706_20260706.CSV"
"2025-02-20","2025-02","day-to-day-card","NORTHWEST SEAFOOD","Groceries","3.21","Chase2674_Activity20240706_20260706_20260706.CSV"
"2025-02-19","2025-02","day-to-day-card","PUBLIX #1376","Groceries","71.89","Chase2674_Activity20240706_20260706_20260706.CSV"
"2025-02-18","2025-02","day-to-day-card","BOOST MOBILE","Bills & Utilities","61.1","Chase2674_Activity20240706_20260706_20260706.CSV"
"2025-02-17","2025-02","day-to-day-card","PY *BOXCAR","Food & Drink","9","Chase2674_Activity20240706_20260706_20260706.CSV"
"2025-02-17","2025-02","day-to-day-card","PUBLIX #1376","Groceries","21.5","Chase2674_Activity20240706_20260706_20260706.CSV"
"2025-02-16","2025-02","day-to-day-card","PUBLIX #1376","Groceries","50.77","Chase2674_Activity20240706_20260706_20260706.CSV"
"2025-02-16","2025-02","day-to-day-card","APPLE.COM/BILL","Shopping","10.99","Chase2674_Activity20240706_20260706_20260706.CSV"
"2025-02-16","2025-02","day-to-day-card","NORTHWEST SEAFOOD","Groceries","6.82","Chase2674_Activity20240706_20260706_20260706.CSV"
"2025-02-11","2025-02","day-to-day-card","PUBLIX #1376","Groceries","58.22","Chase2674_Activity20240706_20260706_20260706.CSV"
"2025-02-11","2025-02","day-to-day-card","ACTBLUE* BERNIE.SANDER","Gifts & Donations","31","Chase2674_Activity20240706_20260706_20260706.CSV"
"2025-02-09","2025-02","day-to-day-card","NORTHWEST SEAFOOD","Groceries","16.59","Chase2674_Activity20240706_20260706_20260706.CSV"
"2025-02-09","2025-02","day-to-day-card","PUBLIX #1376","Groceries","23.86","Chase2674_Activity20240706_20260706_20260706.CSV"
"2025-02-09","2025-02","day-to-day-card","MILLHOPPER LIQUORS","Food & Drink","63.41","Chase2674_Activity20240706_20260706_20260706.CSV"
"2025-02-04","2025-02","day-to-day-card","GEICO  *AUTO","Bills & Utilities","175.92","Chase2674_Activity20240706_20260706_20260706.CSV"
"2025-02-03","2025-02","day-to-day-card","GARDEN GATE NURSERY","Home","10.74","Chase2674_Activity20240706_20260706_20260706.CSV"
"2025-02-03","2025-02","day-to-day-card","PUBLIX #1376","Groceries","32.95","Chase2674_Activity20240706_20260706_20260706.CSV"
"2025-02-03","2025-02","day-to-day-card","PUBLIX #1376","Groceries","25.32","Chase2674_Activity20240706_20260706_20260706.CSV"
"2025-02-03","2025-02","day-to-day-card","LEBOWSKIS","Food & Drink","17.9","Chase2674_Activity20240706_20260706_20260706.CSV"
"2025-02-03","2025-02","day-to-day-card","MILLHOPPER LIQUORS","Food & Drink","80.6","Chase2674_Activity20240706_20260706_20260706.CSV"
"2025-02-03","2025-02","day-to-day-card","TST* DI BIG JERK GAINESVI","Food & Drink","58.65","Chase2674_Activity20240706_20260706_20260706.CSV"
"2025-02-03","2025-02","day-to-day-card","PUBLIX #1376","Groceries","5.27","Chase2674_Activity20240706_20260706_20260706.CSV"
"2025-01-29","2025-01","day-to-day-card","PUBLIX #1376","Groceries","22.06","Chase2674_Activity20240706_20260706_20260706.CSV"
"2025-01-29","2025-01","day-to-day-card","SUMMIT MEDICAL GROUP","Health & Wellness","281.04","Chase2674_Activity20240706_20260706_20260706.CSV"
"2025-01-28","2025-01","day-to-day-card","NORTHWEST SEAFOOD","Groceries","14.99","Chase2674_Activity20240706_20260706_20260706.CSV"
"2025-01-28","2025-01","day-to-day-card","PUBLIX #1376","Groceries","33.21","Chase2674_Activity20240706_20260706_20260706.CSV"
"2025-01-28","2025-01","day-to-day-card","PUBLIX #1376","Groceries","71.66","Chase2674_Activity20240706_20260706_20260706.CSV"
"2025-01-28","2025-01","day-to-day-card","APPLE.COM/BILL","Shopping","0.99","Chase2674_Activity20240706_20260706_20260706.CSV"
"2025-01-28","2025-01","day-to-day-card","DORNSLIQUORSWINEWAREHOUSE","Food & Drink","19.34","Chase2674_Activity20240706_20260706_20260706.CSV"
"2025-01-21","2025-01","day-to-day-card","NYP MYCHART SBO","Health & Wellness","321.95","Chase2674_Activity20240706_20260706_20260706.CSV"
"2025-01-20","2025-01","day-to-day-card","Netflix","Bills & Utilities","26.47","Chase2674_Activity20240706_20260706_20260706.CSV"
"2025-01-20","2025-01","day-to-day-card","THE UPS STORE 2231","Personal","18.21","Chase2674_Activity20240706_20260706_20260706.CSV"
"2025-01-20","2025-01","day-to-day-card","PUBLIX #1376","Groceries","42.42","Chase2674_Activity20240706_20260706_20260706.CSV"
"2025-01-19","2025-01","day-to-day-card","BOOST MOBILE","Bills & Utilities","61.1","Chase2674_Activity20240706_20260706_20260706.CSV"
"2025-01-19","2025-01","day-to-day-card","PUBLIX #1376","Groceries","35.63","Chase2674_Activity20240706_20260706_20260706.CSV"
"2025-01-16","2025-01","day-to-day-card","APPLE.COM/BILL","Shopping","10.99","Chase2674_Activity20240706_20260706_20260706.CSV"
"2025-01-13","2025-01","day-to-day-card","PUBLIX #1376","Groceries","7.86","Chase2674_Activity20240706_20260706_20260706.CSV"
"2025-01-13","2025-01","day-to-day-card","MILLHOPPER LIQUORS","Food & Drink","91.36","Chase2674_Activity20240706_20260706_20260706.CSV"
"2025-01-13","2025-01","day-to-day-card","PUBLIX #1376","Groceries","34.34","Chase2674_Activity20240706_20260706_20260706.CSV"
"2025-01-12","2025-01","day-to-day-card","JIMMY JOHNS 2644","Food & Drink","9.67","Chase2674_Activity20240706_20260706_20260706.CSV"
"2025-01-12","2025-01","day-to-day-card","PUBLIX #1376","Groceries","18.6","Chase2674_Activity20240706_20260706_20260706.CSV"
"2025-01-08","2025-01","day-to-day-card","NIC MYDMVPORTAL","Bills & Utilities","9.5","Chase2674_Activity20240706_20260706_20260706.CSV"
"2025-01-06","2025-01","day-to-day-card","PUBLIX #1376","Groceries","56.16","Chase2674_Activity20240706_20260706_20260706.CSV"
"2025-01-06","2025-01","day-to-day-card","GARDEN GATE NURSERY","Home","12.1","Chase2674_Activity20240706_20260706_20260706.CSV"
"2025-01-06","2025-01","day-to-day-card","PUBLIX #1376","Groceries","45.02","Chase2674_Activity20240706_20260706_20260706.CSV"
"2025-01-03","2025-01","day-to-day-card","SHELL OIL 57522578806","Gas","10.66","Chase2674_Activity20240706_20260706_20260706.CSV"
"2025-01-02","2025-01","day-to-day-card","UBER   *TRIP","Travel","25.27","Chase2674_Activity20240706_20260706_20260706.CSV"
"2025-01-02","2025-01","day-to-day-card","PUBLIX #1376","Groceries","46.73","Chase2674_Activity20240706_20260706_20260706.CSV"
"2025-01-02","2025-01","day-to-day-card","MURPHY EXPRESS 8574","Gas","29.34","Chase2674_Activity20240706_20260706_20260706.CSV"
"2025-01-01","2025-01","day-to-day-card","SUNOCO 0628026700","Gas","45.59","Chase2674_Activity20240706_20260706_20260706.CSV"
"2024-12-30","2024-12","day-to-day-card","VA ABC STORE 214","Bills & Utilities","42.11","Chase2674_Activity20240706_20260706_20260706.CSV"
"2024-12-30","2024-12","day-to-day-card","FOOD LION #2620","Groceries","93.21","Chase2674_Activity20240706_20260706_20260706.CSV"
"2024-12-29","2024-12","day-to-day-card","TM FOOD MART #2     2","Gas","21.97","Chase2674_Activity20240706_20260706_20260706.CSV"
"2024-12-29","2024-12","day-to-day-card","TM FOOD MART #2     2","Gas","15.66","Chase2674_Activity20240706_20260706_20260706.CSV"
"2024-12-27","2024-12","day-to-day-card","O'REILLY 6358","Automotive","59.64","Chase2674_Activity20240706_20260706_20260706.CSV"
"2024-12-26","2024-12","day-to-day-card","APPLE.COM/BILL","Shopping","0.99","Chase2674_Activity20240706_20260706_20260706.CSV"
"2024-12-25","2024-12","day-to-day-card","MARATHON PETRO199125","Gas","48.08","Chase2674_Activity20240706_20260706_20260706.CSV"
"2024-12-23","2024-12","day-to-day-card","WAWA 5384","Gas","63.62","Chase2674_Activity20240706_20260706_20260706.CSV"
"2024-12-23","2024-12","day-to-day-card","PUBLIX #1376","Groceries","15.6","Chase2674_Activity20240706_20260706_20260706.CSV"
"2024-12-22","2024-12","day-to-day-card","Netflix.com","Bills & Utilities","26.47","Chase2674_Activity20240706_20260706_20260706.CSV"
"2024-12-20","2024-12","day-to-day-card","PUBLIX #1376","Groceries","33.58","Chase2674_Activity20240706_20260706_20260706.CSV"
"2024-12-20","2024-12","day-to-day-card","THE FRESH MARKET 082","Groceries","6.45","Chase2674_Activity20240706_20260706_20260706.CSV"
"2024-12-19","2024-12","day-to-day-card","NORTHWEST SEAFOOD","Groceries","15.9","Chase2674_Activity20240706_20260706_20260706.CSV"
"2024-12-18","2024-12","day-to-day-card","BOOST MOBILE","Bills & Utilities","61.1","Chase2674_Activity20240706_20260706_20260706.CSV"
"2024-12-18","2024-12","day-to-day-card","PUBLIX #1376","Groceries","17.54","Chase2674_Activity20240706_20260706_20260706.CSV"
"2024-12-16","2024-12","day-to-day-card","APPLE.COM/BILL","Shopping","10.99","Chase2674_Activity20240706_20260706_20260706.CSV"
"2024-12-16","2024-12","day-to-day-card","LEBOWSKIS","Food & Drink","7.45","Chase2674_Activity20240706_20260706_20260706.CSV"
"2024-12-15","2024-12","day-to-day-card","PUBLIX #1376","Groceries","30.1","Chase2674_Activity20240706_20260706_20260706.CSV"
"2024-12-15","2024-12","day-to-day-card","LOWES #02365*","Home","29","Chase2674_Activity20240706_20260706_20260706.CSV"
"2024-12-15","2024-12","day-to-day-card","CHUN CHING MARKET","Groceries","26.64","Chase2674_Activity20240706_20260706_20260706.CSV"
"2024-12-15","2024-12","day-to-day-card","JERSEY MIKES 13054","Food & Drink","12.56","Chase2674_Activity20240706_20260706_20260706.CSV"
"2024-12-15","2024-12","day-to-day-card","SQ *FLOUTHERN FOOD LLC","Food & Drink","22.58","Chase2674_Activity20240706_20260706_20260706.CSV"
"2024-12-11","2024-12","day-to-day-card","PUBLIX #1376","Groceries","29.25","Chase2674_Activity20240706_20260706_20260706.CSV"
"2024-12-09","2024-12","day-to-day-card","PUBLIX #1376","Groceries","14.66","Chase2674_Activity20240706_20260706_20260706.CSV"
"2024-12-08","2024-12","day-to-day-card","PUBLIX #1376","Groceries","20.21","Chase2674_Activity20240706_20260706_20260706.CSV"
"2024-12-05","2024-12","day-to-day-card","PUBLIX #1376","Groceries","17.03","Chase2674_Activity20240706_20260706_20260706.CSV"
"2024-12-02","2024-12","day-to-day-card","PUBLIX #1376","Groceries","21.82","Chase2674_Activity20240706_20260706_20260706.CSV"
"2024-12-02","2024-12","day-to-day-card","PUBLIX #1376","Groceries","30.15","Chase2674_Activity20240706_20260706_20260706.CSV"
"2024-11-27","2024-11","day-to-day-card","PUBLIX #1376","Groceries","43.99","Chase2674_Activity20240706_20260706_20260706.CSV"
"2024-11-26","2024-11","day-to-day-card","APPLE.COM/BILL","Shopping","0.99","Chase2674_Activity20240706_20260706_20260706.CSV"
"2024-11-25","2024-11","day-to-day-card","LEBOWSKIS","Food & Drink","9.37","Chase2674_Activity20240706_20260706_20260706.CSV"
"2024-11-25","2024-11","day-to-day-card","GARDEN GATE NURSERY","Home","5.36","Chase2674_Activity20240706_20260706_20260706.CSV"
"2024-11-25","2024-11","day-to-day-card","PUBLIX #1376","Groceries","23.71","Chase2674_Activity20240706_20260706_20260706.CSV"
"2024-11-24","2024-11","day-to-day-card","PUBLIX #1376","Groceries","33.07","Chase2674_Activity20240706_20260706_20260706.CSV"
"2024-11-24","2024-11","day-to-day-card","MUNECAS DOWNTOWN TACO GA","Food & Drink","6","Chase2674_Activity20240706_20260706_20260706.CSV"
"2024-11-24","2024-11","day-to-day-card","MUNECAS DOWNTOWN TACO GA","Food & Drink","23.6","Chase2674_Activity20240706_20260706_20260706.CSV"
"2024-11-22","2024-11","day-to-day-card","NORTHWEST SEAFOOD","Groceries","10.5","Chase2674_Activity20240706_20260706_20260706.CSV"
"2024-11-21","2024-11","day-to-day-card","Netflix.com","Bills & Utilities","26.47","Chase2674_Activity20240706_20260706_20260706.CSV"
"2024-11-21","2024-11","day-to-day-card","PUBLIX #1376","Groceries","17.66","Chase2674_Activity20240706_20260706_20260706.CSV"
"2024-11-19","2024-11","day-to-day-card","PUBLIX #1376","Groceries","38.48","Chase2674_Activity20240706_20260706_20260706.CSV"
"2024-11-18","2024-11","day-to-day-card","BOOST MOBILE","Bills & Utilities","61.1","Chase2674_Activity20240706_20260706_20260706.CSV"
"2024-11-17","2024-11","day-to-day-card","PUBLIX #1376","Groceries","13.75","Chase2674_Activity20240706_20260706_20260706.CSV"
"2024-11-17","2024-11","day-to-day-card","APPLE.COM/BILL","Shopping","10.99","Chase2674_Activity20240706_20260706_20260706.CSV"
"2024-11-17","2024-11","day-to-day-card","LEBOWSKIS","Food & Drink","19.9","Chase2674_Activity20240706_20260706_20260706.CSV"
"2024-11-17","2024-11","day-to-day-card","TST* DI BIG JERK GAINESVI","Food & Drink","56.35","Chase2674_Activity20240706_20260706_20260706.CSV"
"2024-11-15","2024-11","day-to-day-card","CHINA 88","Food & Drink","16.78","Chase2674_Activity20240706_20260706_20260706.CSV"
"2024-11-14","2024-11","day-to-day-card","PUBLIX #1376","Groceries","42.82","Chase2674_Activity20240706_20260706_20260706.CSV"
"2024-11-13","2024-11","day-to-day-card","MEDROCK PHARMACY","Health & Wellness","45","Chase2674_Activity20240706_20260706_20260706.CSV"
"2024-11-11","2024-11","day-to-day-card","LEBOWSKIS","Food & Drink","18.82","Chase2674_Activity20240706_20260706_20260706.CSV"
"2024-11-11","2024-11","day-to-day-card","PUBLIX #1376","Groceries","10.19","Chase2674_Activity20240706_20260706_20260706.CSV"
"2024-11-10","2024-11","day-to-day-card","PUBLIX #1376","Groceries","13.48","Chase2674_Activity20240706_20260706_20260706.CSV"
"2024-11-10","2024-11","day-to-day-card","SQ *GERMAIN'S CHICKEN SAN","Food & Drink","30.12","Chase2674_Activity20240706_20260706_20260706.CSV"
"2024-11-07","2024-11","day-to-day-card","NORTHWEST SEAFOOD","Groceries","5.18","Chase2674_Activity20240706_20260706_20260706.CSV"
"2024-11-06","2024-11","day-to-day-card","Dermatology Specialist","Health & Wellness","23.34","Chase2674_Activity20240706_20260706_20260706.CSV"
"2024-11-06","2024-11","day-to-day-card","PUBLIX #1376","Groceries","59.85","Chase2674_Activity20240706_20260706_20260706.CSV"
"2024-11-04","2024-11","day-to-day-card","LEBOWSKIS","Food & Drink","60.9","Chase2674_Activity20240706_20260706_20260706.CSV"
"2024-11-03","2024-11","day-to-day-card","PUBLIX #1376","Groceries","43.99","Chase2674_Activity20240706_20260706_20260706.CSV"
"2024-11-03","2024-11","day-to-day-card","CKE*DI BIG JERK RESTAURAN","Food & Drink","34.62","Chase2674_Activity20240706_20260706_20260706.CSV"
"2024-10-31","2024-10","day-to-day-card","PUBLIX #1376","Groceries","40.41","Chase2674_Activity20240706_20260706_20260706.CSV"
"2024-10-28","2024-10","day-to-day-card","PUBLIX #1376","Groceries","24.27","Chase2674_Activity20240706_20260706_20260706.CSV"
"2024-10-28","2024-10","day-to-day-card","LEBOWSKIS","Food & Drink","17.9","Chase2674_Activity20240706_20260706_20260706.CSV"
"2024-10-28","2024-10","day-to-day-card","PUBLIX #1376","Groceries","16.72","Chase2674_Activity20240706_20260706_20260706.CSV"
"2024-10-28","2024-10","day-to-day-card","MILLHOPPER LIQUORS","Food & Drink","91.36","Chase2674_Activity20240706_20260706_20260706.CSV"
"2024-10-28","2024-10","day-to-day-card","ADAMS RIB CO.","Food & Drink","18.28","Chase2674_Activity20240706_20260706_20260706.CSV"
"2024-10-27","2024-10","day-to-day-card","TOTALWINE 929 DIGITAL","Food & Drink","743.6","Chase2674_Activity20240706_20260706_20260706.CSV"
"2024-10-27","2024-10","day-to-day-card","APPLE.COM/BILL","Shopping","0.99","Chase2674_Activity20240706_20260706_20260706.CSV"
"2024-10-27","2024-10","day-to-day-card","GEICO  *AUTO","Bills & Utilities","151.85","Chase2674_Activity20240706_20260706_20260706.CSV"
"2024-10-25","2024-10","day-to-day-card","PUBLIX #1376","Groceries","29.26","Chase2674_Activity20240706_20260706_20260706.CSV"
"2024-10-23","2024-10","day-to-day-card","PUBLIX #1376","Groceries","29.23","Chase2674_Activity20240706_20260706_20260706.CSV"
"2024-10-21","2024-10","day-to-day-card","Netflix.com","Bills & Utilities","26.47","Chase2674_Activity20240706_20260706_20260706.CSV"
"2024-10-21","2024-10","day-to-day-card","PUBLIX #1376","Groceries","42.82","Chase2674_Activity20240706_20260706_20260706.CSV"
"2024-10-21","2024-10","day-to-day-card","LEBOWSKIS","Food & Drink","16.82","Chase2674_Activity20240706_20260706_20260706.CSV"
"2024-10-18","2024-10","day-to-day-card","BOOST MOBILE","Bills & Utilities","61.1","Chase2674_Activity20240706_20260706_20260706.CSV"
"2024-10-17","2024-10","day-to-day-card","PUBLIX #1376","Groceries","40.74","Chase2674_Activity20240706_20260706_20260706.CSV"
"2024-10-16","2024-10","day-to-day-card","APPLE.COM/BILL","Shopping","10.99","Chase2674_Activity20240706_20260706_20260706.CSV"
"2024-10-14","2024-10","day-to-day-card","PUBLIX #1376","Groceries","39.51","Chase2674_Activity20240706_20260706_20260706.CSV"
"2024-10-14","2024-10","day-to-day-card","SQ *FLOUTHERN FOOD LLC","Food & Drink","14.7","Chase2674_Activity20240706_20260706_20260706.CSV"
"2024-10-14","2024-10","day-to-day-card","ACTBLUE* ELISSA.SLOTKI","Gifts & Donations","18","Chase2674_Activity20240706_20260706_20260706.CSV"
"2024-10-14","2024-10","day-to-day-card","PUBLIX #1376","Groceries","31.21","Chase2674_Activity20240706_20260706_20260706.CSV"
"2024-10-14","2024-10","day-to-day-card","LEBOWSKIS","Food & Drink","17.9","Chase2674_Activity20240706_20260706_20260706.CSV"
"2024-10-13","2024-10","day-to-day-card","SQ *OUTREACH CENTER","Shopping","8.55","Chase2674_Activity20240706_20260706_20260706.CSV"
"2024-10-13","2024-10","day-to-day-card","SUBURBAN ANIMAL HOSPITAL","Personal","101","Chase2674_Activity20240706_20260706_20260706.CSV"
"2024-10-10","2024-10","day-to-day-card","PUBLIX #1376","Groceries","36.8","Chase2674_Activity20240706_20260706_20260706.CSV"
"2024-10-08","2024-10","day-to-day-card","PUBLIX #1376","Groceries","25.15","Chase2674_Activity20240706_20260706_20260706.CSV"
"2024-10-07","2024-10","day-to-day-card","RAGTIME SF GRILL 4404","Food & Drink","33.42","Chase2674_Activity20240706_20260706_20260706.CSV"
"2024-10-07","2024-10","day-to-day-card","TST*SLIDERS OYSTER BAR A","Food & Drink","35.7","Chase2674_Activity20240706_20260706_20260706.CSV"
"2024-10-07","2024-10","day-to-day-card","PUBLIX #1376","Groceries","13.99","Chase2674_Activity20240706_20260706_20260706.CSV"
"2024-10-07","2024-10","day-to-day-card","AB KITCHEN","Food & Drink","36.1","Chase2674_Activity20240706_20260706_20260706.CSV"
"2024-10-06","2024-10","day-to-day-card","TST*SLIDERS OYSTER BAR A","Food & Drink","21.67","Chase2674_Activity20240706_20260706_20260706.CSV"
"2024-10-06","2024-10","day-to-day-card","GATE  #1231","Gas","36.16","Chase2674_Activity20240706_20260706_20260706.CSV"
"2024-10-04","2024-10","day-to-day-card","PUBLIX #1140","Groceries","18.04","Chase2674_Activity20240706_20260706_20260706.CSV"
"2024-10-04","2024-10","day-to-day-card","TST* ABBQ MEAT &amp; DRINK","Food & Drink","6.3","Chase2674_Activity20240706_20260706_20260706.CSV"
"2024-10-03","2024-10","day-to-day-card","BOOST MOBILE","Bills & Utilities","10","Chase2674_Activity20240706_20260706_20260706.CSV"
"2024-10-03","2024-10","day-to-day-card","PUBLIX #1376","Groceries","14.67","Chase2674_Activity20240706_20260706_20260706.CSV"
"2024-10-03","2024-10","day-to-day-card","Northwest Seafood","Groceries","15.04","Chase2674_Activity20240706_20260706_20260706.CSV"
"2024-09-30","2024-09","day-to-day-card","PUBLIX #1376","Groceries","26.91","Chase2674_Activity20240706_20260706_20260706.CSV"
"2024-09-30","2024-09","day-to-day-card","CIRCLE K # 03912","Gas","3.43","Chase2674_Activity20240706_20260706_20260706.CSV"
"2024-09-30","2024-09","day-to-day-card","PUBLIX #1376","Groceries","2.69","Chase2674_Activity20240706_20260706_20260706.CSV"
"2024-09-29","2024-09","day-to-day-card","PUBLIX #1376","Groceries","12.63","Chase2674_Activity20240706_20260706_20260706.CSV"
"2024-09-27","2024-09","day-to-day-card","PUBLIX #1376","Groceries","29.2","Chase2674_Activity20240706_20260706_20260706.CSV"
"2024-09-26","2024-09","day-to-day-card","CHINA 88","Food & Drink","16.78","Chase2674_Activity20240706_20260706_20260706.CSV"
"2024-09-26","2024-09","day-to-day-card","APPLE.COM/BILL","Shopping","0.99","Chase2674_Activity20240706_20260706_20260706.CSV"
"2024-09-25","2024-09","day-to-day-card","PUBLIX #1376","Groceries","18.41","Chase2674_Activity20240706_20260706_20260706.CSV"
"2024-09-25","2024-09","day-to-day-card","Northwest Seafood","Groceries","14.99","Chase2674_Activity20240706_20260706_20260706.CSV"
"2024-09-24","2024-09","day-to-day-card","LEBOWSKIS","Food & Drink","17.9","Chase2674_Activity20240706_20260706_20260706.CSV"
"2024-09-24","2024-09","day-to-day-card","PUBLIX #1376","Groceries","23.82","Chase2674_Activity20240706_20260706_20260706.CSV"
"2024-09-23","2024-09","day-to-day-card","LOWES #02365*","Home","25.74","Chase2674_Activity20240706_20260706_20260706.CSV"
"2024-09-23","2024-09","day-to-day-card","LEBOWSKIS","Food & Drink","17.9","Chase2674_Activity20240706_20260706_20260706.CSV"
"2024-09-23","2024-09","day-to-day-card","MILLHOPPER LIQUORS","Food & Drink","42.99","Chase2674_Activity20240706_20260706_20260706.CSV"
"2024-09-22","2024-09","day-to-day-card","Netflix.com","Bills & Utilities","26.47","Chase2674_Activity20240706_20260706_20260706.CSV"
"2024-09-22","2024-09","day-to-day-card","CKE*DI BIG JERK RESTAURAN","Food & Drink","54.4","Chase2674_Activity20240706_20260706_20260706.CSV"
"2024-09-19","2024-09","day-to-day-card","PUBLIX #1376","Groceries","46.18","Chase2674_Activity20240706_20260706_20260706.CSV"
"2024-09-18","2024-09","day-to-day-card","BOOST MOBILE","Bills & Utilities","76.65","Chase2674_Activity20240706_20260706_20260706.CSV"
"2024-09-16","2024-09","day-to-day-card","PUBLIX #1376","Groceries","29.36","Chase2674_Activity20240706_20260706_20260706.CSV"
"2024-09-16","2024-09","day-to-day-card","APPLE.COM/BILL","Shopping","10.99","Chase2674_Activity20240706_20260706_20260706.CSV"
"2024-09-16","2024-09","day-to-day-card","MILLHOPPER LIQUORS","Food & Drink","96.74","Chase2674_Activity20240706_20260706_20260706.CSV"
"2024-09-15","2024-09","day-to-day-card","PMT*VEHICLETAGREN ALACHUA","Bills & Utilities","49.55","Chase2674_Activity20240706_20260706_20260706.CSV"
"2024-09-11","2024-09","day-to-day-card","PUBLIX #1376","Groceries","36.4","Chase2674_Activity20240706_20260706_20260706.CSV"
"2024-09-10","2024-09","day-to-day-card","SUBURBAN ANIMAL HOSPITAL","Personal","215","Chase2674_Activity20240706_20260706_20260706.CSV"
"2024-09-09","2024-09","day-to-day-card","PUBLIX #1376","Groceries","15.32","Chase2674_Activity20240706_20260706_20260706.CSV"
"2024-09-08","2024-09","day-to-day-card","CVS/PHARMACY #01815","Health & Wellness","9.71","Chase2674_Activity20240706_20260706_20260706.CSV"
"2024-09-05","2024-09","day-to-day-card","MILLHOPPER LIQUORS","Food & Drink","37.61","Chase2674_Activity20240706_20260706_20260706.CSV"
"2024-09-05","2024-09","day-to-day-card","PUBLIX #1376","Groceries","30.79","Chase2674_Activity20240706_20260706_20260706.CSV"
"2024-09-04","2024-09","day-to-day-card","LOWES #02365*","Home","99","Chase2674_Activity20240706_20260706_20260706.CSV"
"2024-09-04","2024-09","day-to-day-card","LEBOWSKIS","Food & Drink","17.9","Chase2674_Activity20240706_20260706_20260706.CSV"
"2024-09-03","2024-09","day-to-day-card","PUBLIX #1376","Groceries","17.94","Chase2674_Activity20240706_20260706_20260706.CSV"
"2024-09-02","2024-09","day-to-day-card","PUBLIX #1376","Groceries","35.04","Chase2674_Activity20240706_20260706_20260706.CSV"
"2024-08-30","2024-08","day-to-day-card","THE FRESH MARKET 082","Groceries","6.45","Chase2674_Activity20240706_20260706_20260706.CSV"
"2024-08-30","2024-08","day-to-day-card","PUBLIX #1376","Groceries","41.52","Chase2674_Activity20240706_20260706_20260706.CSV"
"2024-08-28","2024-08","day-to-day-card","PUBLIX #1376","Groceries","56.09","Chase2674_Activity20240706_20260706_20260706.CSV"
"2024-08-26","2024-08","day-to-day-card","APPLE.COM/BILL","Shopping","0.99","Chase2674_Activity20240706_20260706_20260706.CSV"
"2024-08-26","2024-08","day-to-day-card","LEBOWSKIS","Food & Drink","17.9","Chase2674_Activity20240706_20260706_20260706.CSV"
"2024-08-26","2024-08","day-to-day-card","PUBLIX #1376","Groceries","70.36","Chase2674_Activity20240706_20260706_20260706.CSV"
"2024-08-21","2024-08","day-to-day-card","NORTHWEST SEAFOOD","Groceries","24.05","Chase2674_Activity20240706_20260706_20260706.CSV"
"2024-08-21","2024-08","day-to-day-card","PETDATA","Personal","27","Chase2674_Activity20240706_20260706_20260706.CSV"
"2024-08-20","2024-08","day-to-day-card","THE FRESH MARKET 082","Groceries","16.65","Chase2674_Activity20240706_20260706_20260706.CSV"
"2024-08-20","2024-08","day-to-day-card","NETFLIX.COM","Bills & Utilities","26.47","Chase2674_Activity20240706_20260706_20260706.CSV"
"2024-08-20","2024-08","day-to-day-card","PUBLIX #1376","Groceries","31.58","Chase2674_Activity20240706_20260706_20260706.CSV"
"2024-08-19","2024-08","day-to-day-card","LEBOWSKIS","Food & Drink","17.9","Chase2674_Activity20240706_20260706_20260706.CSV"
"2024-08-19","2024-08","day-to-day-card","PUBLIX #1376","Groceries","17.41","Chase2674_Activity20240706_20260706_20260706.CSV"
"2024-08-18","2024-08","day-to-day-card","BOOST MOBILE","Bills & Utilities","25.55","Chase2674_Activity20240706_20260706_20260706.CSV"
"2024-08-18","2024-08","day-to-day-card","MILLHOPPER LIQUORS","Food & Drink","42.99","Chase2674_Activity20240706_20260706_20260706.CSV"
"2024-08-18","2024-08","day-to-day-card","PUBLIX #1376","Groceries","25.6","Chase2674_Activity20240706_20260706_20260706.CSV"
"2024-08-18","2024-08","day-to-day-card","CKE*DI BIG JERK RESTAURAN","Food & Drink","30.91","Chase2674_Activity20240706_20260706_20260706.CSV"
"2024-08-16","2024-08","day-to-day-card","APPLE.COM/BILL","Shopping","10.99","Chase2674_Activity20240706_20260706_20260706.CSV"
"2024-08-12","2024-08","day-to-day-card","LEBOWSKIS","Food & Drink","17.9","Chase2674_Activity20240706_20260706_20260706.CSV"
"2024-08-12","2024-08","day-to-day-card","PUBLIX #1376","Groceries","41.52","Chase2674_Activity20240706_20260706_20260706.CSV"
"2024-08-12","2024-08","day-to-day-card","ACTBLUE* ELISSA.SLOTKI","Gifts & Donations","35","Chase2674_Activity20240706_20260706_20260706.CSV"
"2024-08-09","2024-08","day-to-day-card","THE FRESH MARKET 082","Groceries","6.45","Chase2674_Activity20240706_20260706_20260706.CSV"
"2024-08-09","2024-08","day-to-day-card","PUBLIX #1376","Groceries","29.52","Chase2674_Activity20240706_20260706_20260706.CSV"
"2024-08-07","2024-08","day-to-day-card","PUBLIX #1376","Groceries","41.92","Chase2674_Activity20240706_20260706_20260706.CSV"
"2024-08-05","2024-08","day-to-day-card","LEBOWSKIS","Food & Drink","17.9","Chase2674_Activity20240706_20260706_20260706.CSV"
"2024-08-04","2024-08","day-to-day-card","CKE*DI BIG JERK RESTAURAN","Food & Drink","53.16","Chase2674_Activity20240706_20260706_20260706.CSV"
"2024-08-02","2024-08","day-to-day-card","PUBLIX #1376","Groceries","35.86","Chase2674_Activity20240706_20260706_20260706.CSV"
"2024-07-30","2024-07","day-to-day-card","PUBLIX #1376","Groceries","39.26","Chase2674_Activity20240706_20260706_20260706.CSV"
"2024-07-30","2024-07","day-to-day-card","THE FRESH MARKET 082","Groceries","15.58","Chase2674_Activity20240706_20260706_20260706.CSV"
"2024-07-29","2024-07","day-to-day-card","PUBLIX #1376","Groceries","29.75","Chase2674_Activity20240706_20260706_20260706.CSV"
"2024-07-28","2024-07","day-to-day-card","GARDEN GATE NURSERY","Home","21.48","Chase2674_Activity20240706_20260706_20260706.CSV"
"2024-07-26","2024-07","day-to-day-card","APPLE.COM/BILL","Shopping","0.99","Chase2674_Activity20240706_20260706_20260706.CSV"
"2024-07-24","2024-07","day-to-day-card","PUBLIX #1376","Groceries","41.33","Chase2674_Activity20240706_20260706_20260706.CSV"
"2024-07-22","2024-07","day-to-day-card","PUBLIX #1376","Groceries","15.47","Chase2674_Activity20240706_20260706_20260706.CSV"
"2024-07-21","2024-07","day-to-day-card","CIRCLE K # 01313","Gas","85.49","Chase2674_Activity20240706_20260706_20260706.CSV"
"2024-07-21","2024-07","day-to-day-card","NETFLIX.COM","Bills & Utilities","26.47","Chase2674_Activity20240706_20260706_20260706.CSV"
"2024-07-21","2024-07","day-to-day-card","PUBLIX #1376","Groceries","28.34","Chase2674_Activity20240706_20260706_20260706.CSV"
"2024-07-19","2024-07","day-to-day-card","SQ *GERMAIN'S CHICKEN SAN","Food & Drink","54.19","Chase2674_Activity20240706_20260706_20260706.CSV"
"2024-07-19","2024-07","day-to-day-card","SQ *THE STEAKOUT AT HIGH","Food & Drink","15.04","Chase2674_Activity20240706_20260706_20260706.CSV"
"2024-07-18","2024-07","day-to-day-card","THE TOP","Food & Drink","90.25","Chase2674_Activity20240706_20260706_20260706.CSV"
"2024-07-18","2024-07","day-to-day-card","LEBOWSKIS","Food & Drink","24.35","Chase2674_Activity20240706_20260706_20260706.CSV"
"2024-07-18","2024-07","day-to-day-card","PUBLIX #1376","Groceries","57.4","Chase2674_Activity20240706_20260706_20260706.CSV"
"2024-07-18","2024-07","day-to-day-card","APPLE.COM/BILL","Shopping","10.99","Chase2674_Activity20240706_20260706_20260706.CSV"
"2024-07-16","2024-07","day-to-day-card","BOOST MOBILE","Bills & Utilities","12.97","Chase2674_Activity20240706_20260706_20260706.CSV"
"2024-07-14","2024-07","day-to-day-card","TST* LILLIANS MUSIC STOR","Food & Drink","47","Chase2674_Activity20240706_20260706_20260706.CSV"
"2024-07-14","2024-07","day-to-day-card","TST* DRAGONFLY SUSHI &amp; SA","Food & Drink","208.09","Chase2674_Activity20240706_20260706_20260706.CSV"
"2024-07-12","2024-07","day-to-day-card","PUBLIX #1376","Groceries","45.51","Chase2674_Activity20240706_20260706_20260706.CSV"
"2024-07-12","2024-07","day-to-day-card","LEBOWSKIS","Food & Drink","24.35","Chase2674_Activity20240706_20260706_20260706.CSV"
"2024-07-11","2024-07","day-to-day-card","MUNECAS DOWNTOWN TACO GA","Food & Drink","82.8","Chase2674_Activity20240706_20260706_20260706.CSV"
"2024-07-11","2024-07","day-to-day-card","NORTHWEST SEAFOOD","Groceries","23.14","Chase2674_Activity20240706_20260706_20260706.CSV"
"2024-07-10","2024-07","day-to-day-card","SUBURBAN ANIMAL HOSPITAL","Personal","147.25","Chase2674_Activity20240706_20260706_20260706.CSV"
"2024-07-10","2024-07","day-to-day-card","USPS PO 1132240516","Shopping","11.4","Chase2674_Activity20240706_20260706_20260706.CSV"
"2024-07-10","2024-07","day-to-day-card","PUBLIX #1376","Groceries","29.02","Chase2674_Activity20240706_20260706_20260706.CSV"
"2024-07-08","2024-07","day-to-day-card","THE FRESH MARKET 082","Groceries","16.65","Chase2674_Activity20240706_20260706_20260706.CSV"
"2024-07-08","2024-07","day-to-day-card","SHELL OIL13029068015","Gas","52.17","Chase2674_Activity20240706_20260706_20260706.CSV"
"2024-07-08","2024-07","day-to-day-card","PUBLIX #1376","Groceries","30.4","Chase2674_Activity20240706_20260706_20260706.CSV"
"2024-07-07","2024-07","day-to-day-card","FOOD LION #2620","Groceries","6.59","Chase2674_Activity20240706_20260706_20260706.CSV"
"2024-07-07","2024-07","day-to-day-card","CLARKSVILLE RURITANS THRI","Shopping","3.16","Chase2674_Activity20240706_20260706_20260706.CSV"
